to,159
the,148
a,117
and,105
i,91
in,79
of,59
for,58
stack,52
asked,51
ago,50
is,49
0answers,48
teams,47
0votes,44
mins,44
with,43
overflow,39
on,38
how,37
your,30
1,30
that,27
knowledge,25
×,25
using,23
it,23
questions,22
have,22
from,21
time,21
new,21
use,20
all,19
about,18
this,18
help,17
more,17
data,17
can,17
am,17
when,16
as,16
you,15
but,15
by,15
python,15
an,15
exchange,14
create,14
what,14
get,14
user,14
2views,14
team,13
if,13
are,13
we,13
string,13
share,12
private,12
find,12
most,12
be,12
our,12
my,12
code,12
where,11
jobs,11
talent,11
or,11
collectives,11
free,11
started,11
support,11
c,11
function,11
add,11
learn,10
technical,10
company,10
work,10
want,10
into,10
like,10
number,10
5,10
developers,9
products,9
up,9
tags,9
content,9
information,9
custom,9
api,9
not,9
policy,9
cookie,9
javascript,9
why,9
collaborate,8
business,8
they,8
do,8
5views,8
i'm,8
trying,8
import,8
type,8
would,8
reactjs,8
google,8
flutter,8
array,8
build,7
answers,7
community,7
blog,7
single,7
search,7
organizations,7
has,7
platform,7
here,7
just,7
integrations,7
per,7
at,7
should,7
network,7
3views,7
image,7
3,7
2,7
java,7
public,6
technologists,6
advertising,6
current,6
communities,6
answer,6
their,6
no,6
need,6
6,6
customer,6
enterprise,6
write,6
experts,6
other,6
some,6
only,6
server,6
privacy,6
cookies,6
following,6
min,6
same,6
web,6
sql,6
4views,6
way,6
loop,6
maps,6
book,6
date,6
row,6
first,6
cupy,6
related,5
customize,5
explore,5
job,5
companies,5
group,5
around,5
within,5
location,5
structured,5
join,5
space,5
large,5
developer,5
times,5
take,5
product,5
come,5
engineers,5
features,5
software,5
slack,5
microsoft,5
14,5
tools,5
cloud,5
success,5
return,5
access,5
different,5
site,5
store,5
ssh,5
1votes,5
there,5
3d,5
4,5
then,5
pointer,5
named,5
6views,5
excel,5
file,5
inside,5
its,5
class,5
attribute,5
v1,5
employees,5
onboarding,5
programming,4
reach,4
log,4
sign,4
list,4
centralized,4
technologies,4
qa,4
connect,4
best,4
small,4
open,4
active,4
one,4
sharing,4
productivity,4
contributions,4
long,4
reduce,4
chatops,4
own,4
teammates,4
usd,4
12,4
make,4
problems,4
enabled,4
over,4
see,4
so,4
technology,4
mobile,4
design,4
under,4
works,4
device,4
browser,4
machine,4
example,4
r,4
name,4
problem,4
parse,4
svg,4
object,4
strings,4
value,4
print,4
currently,4
below,4
id,4
output,4
any,4
adding,4
display,4
dart,4
app,4
tried,4
text,4
11,4
8,4
selenium,4
13,4
documentation,4
intel,4
development,4
subject,4
matter,4
hires,4
estimated,4
hours,4
career,3
opportunities,3
tech,3
employer,3
brand,3
meta,3
home,3
users,3
–,3
trusted,3
easy,3
question,3
roi,3
building,3
world,3
increase,3
market,3
capture,3
between,3
people,3
go,3
place,3
natural,3
engineering,3
base,3
basic,3
7,3
okta,3
priority,3
unlimited,3
instance,3
request,3
had,3
distractions,3
solve,3
it’s,3
them,3
was,3
many,3
specific,3
across,3
through,3
directory,3
press,3
legal,3
terms,3
service,3
contact,3
us,3
settings,3
culture,3
recreation,3
life,3
arts,3
science,3
professional,3
facebook,3
twitter,3
linkedin,3
instagram,3
logo,3
©,3
2022,3
inc,3
licensed,3
cc,3
bysa,3
rev,3
202222241500,3
clicking,3
“accept,3
cookies”,3
agree,3
disclose,3
accordance,3
accept,3
"settings
",3
newest,3
unanswered,3
filter,3
without,3
creating,3
memcpy,3
script,3
pandas,3
htmlparser,3
tag,3
html,3
render,3
redirect,3
files,3
8views,3
values,3
ajax,3
working,3
call,3
input,3
button,3
approach,3
multiple,3
called,3
backend,3
did,3
9views,3
each,3
true,3
website,3
address,3
well,3
who,3
don't,3
case,3
net,3
does,3
model,3
hot,3
speed,3
jenkins,3
icons,3
triangle,3
macro,3
error,3
page,3
xcode,3
ios,3
put,3
package,3
arrays,3
tables,3
end,3
php,3
mcmc,3
run,3
ui,3
struct,3
laravel,3
variable,3
9,3
tfx,3
10,3
query,3
table,3
15,3
traffic,3
change,3
written,3
int,3
link,3
test,3
members,3
energy,3
reduction,3
careers,2
coworkers,2
recruit,2
worldwide,2
loading…,2
chat,2
secure,2
every,2
visitors,2
179,2
day,2
popular,2
collaboration,2
decrease,2
accelerate,2
protect,2
institutional,2
context,2
tour,2
too,2
better,2
idea,2
complete,2
expertise,2
devops,2
docs,2
ever,2
reads,2
give,2
efficient,2
already,2
love,2
customers,2
interface,2
together,2
hosted,2
stackoverflowcom,2
searchable,2
always,2
50,2
teammate,2
month,2
signon,2
saml,2
plus…,2
articles,2
additional,2
—,2
jira,2
github,2
health,2
pricing,2
premium,2
options,2
robust,2
read,2
representative,2
995,2
uptime,2
sla,2
shows,2
investment,2
world’s,2
largest,2
saved,2
cases,2
order,2
available,2
resource,2
director,2
management,2
built,2
keep,2
next,2
dynamic,2
attract,2
topics,2
much,2
ask,2
bountied,2
332,2
frequent,2
score,2
bounty,2
highest,2
local,2
connected,2
control,2
addr,2
stores,2
than,2
calling,2
73,2
0,2
alexis,2
duplicate,2
able,2
extract,2
similar,2
numpy,2
base64,2
getting,2
recognized,2
while,2
binding,2
delphi,2
functionality,2
possible,2
models,2
elements,2
wrong,2
var,2
x,2
direct,2
cloudflare,2
numeric,2
column,2
'object',2
django,2
js,2
form,2
post,2
1answer,2
7views,2
writing,2
compare,2
music,2
artist,2
formats,2
suggested,2
overview,2
both,2
given,2
index,2
react,2
will,2
getinput,2
route,2
know,2
however,2
googlemaps,2
serializer,2
generic,2
alex,2
now,2
switchcase,2
ternary,2
operator,2
21,2
core,2
aspnet,2
im,2
stuck,2
3132016,2
remote,2
hosts,2
plugin,2
tensorflow,2
bit,2
attempting,2
map,2
passed,2
components,2
else,2
loops,2
i've,2
made,2
simulator,2
anyone,2
vba,2
blank,2
angular8,2
reactive,2
forms,2
click,2
stepper,2
onstepcontinue,2
widget,2
added,2
navigation,2
joining,2
ie,2
two,2
dynamically,2
nested,2
seems,2
typescript,2
result,2
mu,2
diff,2
python3x,2
load,2
assets,2
append,2
golang,2
material,2
project,2
css,2
apps,2
dev,2
console,2
appearing,2
try,2
echo,2
select,2
jupyter,2
ran,2
jupyterlab,2
fetch,2
condition,2
wbemail,2
wbdata,2
istio,2
previous,2
syntax,2
assembly,2
dxal,2
due,2
item,2
twice,2
integer,2
substitution,2
clear,2
pattern,2
comments,2
displayed,2
robot,2
framework,2
bdd,2
gitlab,2
workflows,2
resources,2
good,2
gas,2
monsters,2
something,2
high,2
russia,2
ukraine,2
minimize,2
improve,2
calculator,2
back,2
center,2
growing,2
organization,2
tasks,2
impact,2
hire,2
weeks,2
takes,2
week,2
average,2
others,1
theirs,1
tab,1
100,1
million,1
monthly,1
451,1
billion,1
got,1
since,1
2008,1
5000,1
instances,1
definitive,1
collection,1
coding,1
communitybased,1
contribute,1
challenges,1
websites,1
saas,1
webbased,1
cycle,1
thousands,1
globe,1
company’s,1
discoverable,1
format,1
unblock,1
somebody,1
somewhere,1
right,1
suddenly,1
remotefirst,1
shorten,1
initial,1
delays,1
misinformation,1
out,1
equation,1
central,1
sticks,1
ensure,1
stays,1
course,1
few,1
types,1
shipping,1
requires,1
teamwork,1
coordination,1
forget,1
checklists,1
scientists,1
decisions,1
backed,1
visibility,1
strategies,1
streamline,1
tool,1
trust,1
level,1
providing,1
leaders,1
burnout,1
grow,1
annual,1
billing,1
discount,1
credit,1
card,1
required,1
sso,1
integration,1
250,1
recommended,1
longform,1
collections,1
usage,1
adoption,1
metrics,1
let’s,1
talk,1
flexible,1
hosting,1
onpremises,1
demo,1
forrester,1
consulting,1
study,1
telecom,1
firm,1
10m,1
deflected,1
subjectmatter,1
unqork,1
27,1
projects,1
after,1
save,1
money,1
calculate,1
integrates,1
improves,1
plans,1
cut,1
down,1
pings,1
limit,1
even,1
powerful,1
paid,1
tiers,1
ad,1
been,1
entire,1
also,1
sales,1
field,1
close,1
deals,1
hardest,1
unknowns,1
being,1
familiar,1
essential,1
don’t,1
answering,1
solved,1
again,1
that’s,1
really,1
helps,1
elastic,1
saw,1
nice,1
repository,1
spread,1
thing,1
knew,1
expensify,1
very,1
tool…there’s,1
ways,1
liaison,1
bases,1
engineer,1
box,1
engage,1
technologists…,1
audience,1
connecting,1
openings,1
disciplines,1
170,1
fault,1
super,1
continues,1
mission,1
empower,1
develop,1
collective,1
sites,1
further,1
encourage,1
such,1
cooking,1
medicine,1
nontechnical,1
22280936,1
accepted,1
sorted,1
recent,1
activity,1
ending,1
soon,1
tagged,1
watched,1
apply,1
cancel,1
start,1
which,1
putty,1
folders,1
anything,1
command,1
powershell,1
cmd,1
klinsmann,1
normal,1
overwrites,1
wrote,1
via,1
pcie,1
writecombining,1
gets,1
expected,1
memcpyvoid,1
these,1
64b,1
byte,1
1718,1
documentgetelementsbyname,1
automate,1
selecting,1
series,1
radio,1
buttons,1
four,1
grouped,1
cssselectors,1
ian,1
o'shea,1
ordered,1
statistics,1
statistical,1
behavior,1
buyers,1
process,1
numbers,1
obtained,1
visits,1
purchases,1
items,1
regardless,1
nosql,1
behnam,1
rezaie,1
exception,1
uri,1
prefix,1
img,1
sb1appendimg,1
src'dataimage,1
tobase64string,1
itachi,1
rendering,1
objects,1
furniture,1
textures,1
etc,1
realistic,1
standard,1
easily,1
warehouse,1
graphics,1
firemonkey,1
peter,1
jones,1
355,1
d3,1
sure,1
doing,1
datadriven,1
rect,1
20,1
xpushmathfloor100,1
math,1
d3js,1
smpa01,1
2850,1
tries,1
httpsimgexamplecomc600x120090webpimgmasterimg20220103080454,1
travelwhere,1
345,1
muliply,1
df,1
pddataframe'col1',1
df'col1',1
multiplies,1
writes,1
multiply,1
umidjon,1
abdugaffarov,1
calculates,1
converts,1
onclick,1
event,1
ethaneng,1
song,1
formatted,1
algorithm,1
jefelewis,1
1201,1
patch,1
multiples,1
based,1
createallproducts,1
receives,1
until,1
finishes,1
wanted,1
redux,1
ecmascript6,1
joseph,1
5189,1
hi,1
guys,1
done,1
enter,1
parenthesis,1
increment,1
successful,1
list1,1
aubrey,1
brusola,1
show,1
integrate,1
frame,1
pinning,1
pretty,1
documented,1
client,1
googlemapsapi3,1
o'niel,1
1223,1
restrict,1
objectmapper,1
attempted,1
register,1
stdserializermapstring,1
advice,1
generics,1
serialization,1
jackson,1
pritchard,1
4152,1
didn't,1
during,1
derefercing,1
strdupsource,1
target,1
beginning,1
pointers,1
stringh,1
strdup,1
vishal,1
mourya,1
shown,1
logic,1
instead,1
switch,1
userd,1
implement,1
'crud',1
operation,1
ienumerable,1
getallbooks,1
getbookint,1
void,1
deletebookint,1
addbookbook,1
updatebookbook,1
netcore,1
aspnetwebapi,1
aspnetcoremvc,1
spot,1
19,1
reading,1
skipping,1
lines,1
homework,1
wondering,1
went,1
appreciated,1
greatly,1
intended,1
0900,1
0910,1
c11,1
terence,1
tan,1
wee,1
siang,1
general,1
plan,1
publish,1
old,1
deprecated,1
hundreds,1
jenkinspipeline,1
jenkinsplugins,1
jenkinsjobdsl,1
jenkinscli,1
user18284837,1
detect,1
simple,1
waypossible,1
what's,1
identify,1
imagephotoie,1
square,1
star,1
circle,1
vector,1
drawing,1
feels,1
overkill,1
opencv,1
tensorflowjs,1
imagerecognition,1
dessato,1
background,1
component,1
contains,1
marker,1
having,1
issues,1
asynchronous,1
b,1
cratty,1
1365,1
base64encoding,1
base64decoding,1
base64encode,1
decode,1
upload,1
convert,1
base64encodefile,1
readasbytessync,1
encoding,1
decoding,1
rerunning,1
causing,1
jitbit,1
recorder,1
look,1
non,1
entries,1
copying,1
pasting,1
ifstatement,1
lin,1
wei,1
path,1
132,1
download,1
manually,1
150,1
dmg,1
iphonesimulatorsdk150pkg,1
reactnative,1
zeke,1
37,1
importkeep,1
cell,1
cells,1
original,1
productcountarea,1
carrier,1
apple100,1
wa,1
aircanada,1
corn,1
130,1
united,1
avocado,1
380,1
mx,1
mexico,1
sa,1
noriko,1
bring,1
top,1
clicked,1
inputs,1
going,1
bottom,1
edit,1
angular,1
angularreactiveforms,1
bhrungarajni,1
2192,1
whencomplete,1
firing,1
automatically,1
profile,1
creation,1
method,1
last,1
step,1
sending,1
rawm,1
107,1
internalnested,1
ids,1
joinsum,1
rows,1
representing,1
offset,1
rowid,1
structa,1
googlebigquery,1
1578,1
acf,1
i0,1
div,1
classtabcontent,1
mt5,1
wordpress,1
rajesh,1
extending,1
accepting,1
unrelated,1
mock,1
properties,1
optional,1
mytype,1
`cb`,1
kept,1
final,1
daniel,1
cheung,1
4473,1
ensemblesampler,1
renew,1
np,1
matplotlibpyplot,1
plt,1
emcee,1
def,1
logprobx,1
cov,1
05,1
npdotdiff,1
nplinalgsolvecov,1
elena,1
greg,1
741,1
asset,1
developing,1
library,1
package's,1
pubspecyaml,1
assetssvg,1
joão,1
pedro,1
453,1
usually,1
appends,1
radren,1
109,1
errors,1
appbar,1
student,1
several,1
incorporate,1
bar,1
menu,1
materialui,1
michael,1
53,1
folder,1
confused,1
relationship,1
outside,1
understand,1
correctly,1
official,1
apis,1
meaning,1
zyxue,1
6604,1
mode,1
deployed,1
concerned,1
functions,1
defined,1
codegs,1
could,1
chrome,1
googleappsscript,1
tomasz,1
pa,1
curly,1
brackets,1
along,1
laraval,1
dashboard,1
jobtypesales,1
manager,1
where'id'userid,1
jypersona,1
learning,1
scraping,1
issue,1
broader,1
elemstext,1
webscraping,1
xpath,1
threecard,1
notebook,1
lab,1
gives,1
module,1
'cupy',1
cp,1
installed,1
environment,1
397,1
directly,1
imported,1
wuo,1
wbapriod,1
days,1
db2,1
rohini,1
kumari,1
17,1
akvs,1
variables,1
shifting,1
keeps,1
asking,1
weights,1
targets,1
helm,1
we're,1
looking,1
weight,1
preferrably,1
kubernetes,1
kuberneteshelm,1
istiogateway,1
raffy,1
sueno,1
header,1
dates',1
higher,1
temperature,1
compared,1
dates,1
yesterday,1
weather,1
recorddate,1
database,1
mysqli,1
ericzheng0404,1
unexpected,1
expecting,1
cxampphtdocsjh1filephp,1
line,1
82,1
ifissetpostsubmit1,1
mysqliquerylink,1
insert,1
emptable,1
values'postemployee,1
id''postemployee,1
name''postemployee,1
address''postemployee,1
designation'',1
jamil,1
hussain,1
7c6f,1
ec,1
doubt,1
places,1
worked,1
dx,1
memory,1
located,1
needed,1
gcc,1
osdev,1
11views,1
program,1
set,1
integers,1
removes,1
once,1
returning,1
part,1
removing,1
removed,1
static,1
swap,1
arr,1
isaiah,1
aganon,1
renaming,1
sbxxxpartsdifferent,1
extensions,1
xxx,1
refers,1
sb19842png,1
sb19842headpng,1
sb19842handpng,1
rename,1
filerename,1
stanley,1
chan,1
clickable,1
textarea,1
comment,1
another,1
it's,1
nextjs,1
nhat,1
dd,1
style,1
uses,1
bdddatadriven,1
runs,1
perfectly,1
fine,1
bue,1
reporthtml,1
robotframework,1
jay,1
147,1
1vote,1
22views,1
assign,1
parameter,1
triangulo,1
coord,1
pass,1
three,1
vertex,1
t,1
v2,1
v3,1
docstring,1
arielcg,1
30,1
…,1
445619,1
crossplatform,1
sdk,1
finally,1
ai,1
bot,1
ace,1
interview,1
ep,1
417,1
featured,1
update,1
ongoing,1
ddos,1
attacks,1
blocking,1
tor,1
exit,1
nodes,1
17k,1
provides,1
leading,1
infrastructure,1
capabilities,1
industry,1
solutions,1
critical,1
9k,1
delivered,1
application,1
source,1
great,1
version,1
cicd,1
devsecops,1
allremote,1
2k,1
libraries,1
drive,1
innovation,1
simplify,1
edge,1
2340477,1
1896924,1
1830624,1
1524118,1
1429798,1
android,1
1367471,1
1118538,1
jquery,1
1026981,1
755508,1
750393,1
667440,1
mysql,1
642683,1
621468,1
437963,1
nodejs,1
420340,1
388140,1
374687,1
368445,1
367008,1
json,1
335590,1
rubyonrails,1
330772,1
315999,1
sqlserver,1
315275,1
swift,1
309678,1
306962,1
blocks,1
truncated,1
squarepyramid,1
garden,1
mip,1
latex,1
template,1
sum,1
n,1
sequence,1
9's,1
complement,1
nuclear,1
explosion,1
slowed,1
safely,1
converted,1
electrical,1
eu,1
fail,1
russian,1
dependence,1
strange,1
wiring,1
owner,1
root,1
login,1
sudo,1
administration,1
punctured,1
tires,1
tubeless,1
windows,1
registry,1
shared,1
profiles,1
multiverse,1
doesn't,1
match,1
mordenkainen's,1
tome,1
foes,1
volo's,1
guide,1
foolish,1
descriptor,1
cypher,1
system,1
missed,1
motivate,1
young,1
adult,1
breaking,1
family,1
solar,1
panels,1
require,1
minerals,1
deliver,1
quantity,1
plant,1
25×,1
you're,1
mean,1
inline,1
expressions,1
obstruct,1
readability,1
applying,1
gloss,1
acrylic,1
coat,1
oilbased,1
wood,1
stain,1
created,1
inconsistent,1
topcoat,1
invasion,1
sends,1
troops,1
curved,1
sensor,1
camera,1
lens,1
distortions,1
disappear,1
rest,1
camp,1
land,1
held,1
sovereign,1
territory,1
lprdpr,1
plasma,1
displays,1
persist,1
fide,1
titles,1
fm,1
gm,1
norms,1
blitz,1
tournaments,1
point,1
earth,1
sun,1
zenith,1
cor,1
1246,1
trinity,1
newsletter,1
podcast,1
security,1
studies,1
calculators,1
retain,1
tickets,1
maximize,1
billable,1
revenue,1
takeaways,1
howtos,1
videos,1
csuite,1
spends,1
lot,1
thinking,1
attracting,1
retaining,1
according,1
gartner,1
poll,1
ceos,1
second,1
area,1
financialresource,1
progress,1
offload,1
redundant,1
focus,1
producing,1
quality,1
repetitive,1
disrupt,1
ability,1
feeling,1
growth,1
consider,1
cost,1
hiring,1
training,1
impacted,1
onboarded,1
interruptions,1
requested,1
calculations,1
gains,1
09,1
total,1
recovered,1
288,1
typical,1
employee,1
supporting,1
onboard,1
gained,1
expert,1
2267,1
2833,1
minutes,1
team’s,1
uptodate,1
faster,1
