page1,page2
page1,page10
page1,page15
page1,page13
page1,page14
page1,page16
page1,page12
page1,page11
page1,page4
page1,page8
page1,page9
page1,page7
page1,page3
page1,page6
page1,page5
page2,page4
page2,page17
page3,page18
page3,page10
page3,page15
page3,page23
page3,page21
page3,page27
page3,page5
page3,page22
page3,page24
page3,page4
page3,page8
page3,page9
page3,page19
page3,page26
page3,page25
page3,page3
page3,page6
page3,page20
page4,page2
page4,page28
page4,page32
page4,page35
page4,page30
page4,page37
page4,page38
page4,page31
page4,page12
page4,page11
page4,page34
page4,page36
page4,page4
page4,page33
page4,page17
page4,page16
page4,page29
page4,page14
page5,page40
page5,page10
page5,page46
page5,page42
page5,page15
page5,page47
page5,page5
page5,page41
page5,page4
page5,page8
page5,page9
page5,page45
page5,page44
page5,page3
page5,page39
page5,page6
page5,page43
page6,page77
page6,page96
page6,page10
page6,page80
page6,page95
page6,page68
page6,page93
page6,page85
page6,page98
page6,page92
page6,page89
page6,page90
page6,page48
page6,page5
page6,page97
page6,page72
page6,page71
page6,page9
page6,page88
page6,page61
page6,page60
page6,page74
page6,page70
page6,page49
page6,page66
page6,page56
page6,page82
page6,page94
page6,page15
page6,page57
page6,page84
page6,page64
page6,page86
page6,page8
page6,page55
page6,page51
page6,page3
page6,page69
page6,page53
page6,page52
page6,page54
page6,page78
page6,page59
page6,page91
page6,page79
page6,page75
page6,page65
page6,page63
page6,page76
page6,page4
page6,page73
page6,page58
page6,page83
page6,page50
page6,page81
page6,page62
page6,page6
page6,page67
page6,page87
page7,page10
page7,page34
page7,page99
page8,page131
page8,page142
page8,page209
page8,page174
page8,page211
page8,page159
page8,page123
page8,page113
page8,page205
page8,page9
page8,page117
page8,page128
page8,page141
page8,page162
page8,page136
page8,page176
page8,page210
page8,page183
page8,page114
page8,page112
page8,page187
page8,page160
page8,page106
page8,page206
page8,page188
page8,page216
page8,page168
page8,page125
page8,page107
page8,page155
page8,page10
page8,page135
page8,page145
page8,page161
page8,page217
page8,page124
page8,page181
page8,page194
page8,page196
page8,page139
page8,page134
page8,page191
page8,page200
page8,page121
page8,page144
page8,page208
page8,page116
page8,page104
page8,page165
page8,page143
page8,page8
page8,page147
page8,page192
page8,page157
page8,page3
page8,page122
page8,page195
page8,page153
page8,page119
page8,page148
page8,page152
page8,page146
page8,page4
page8,page215
page8,page190
page8,page218
page8,page203
page8,page105
page8,page167
page8,page102
page8,page177
page8,page199
page8,page193
page8,page150
page8,page132
page8,page201
page8,page127
page8,page154
page8,page197
page8,page129
page8,page164
page8,page198
page8,page120
page8,page101
page8,page169
page8,page15
page8,page151
page8,page172
page8,page100
page8,page130
page8,page140
page8,page204
page8,page103
page8,page115
page8,page170
page8,page108
page8,page171
page8,page186
page8,page207
page8,page182
page8,page189
page8,page184
page8,page214
page8,page185
page8,page5
page8,page202
page8,page118
page8,page138
page8,page111
page8,page213
page8,page156
page8,page178
page8,page133
page8,page163
page8,page158
page8,page179
page8,page212
page8,page109
page8,page137
page8,page173
page8,page110
page8,page149
page8,page126
page8,page180
page8,page175
page8,page166
page8,page6
page9,page10
page9,page223
page9,page219
page9,page135
page9,page193
page9,page222
page9,page5
page9,page9
page9,page226
page9,page15
page9,page221
page9,page228
page9,page225
page9,page8
page9,page112
page9,page3
page9,page173
page9,page220
page9,page227
page9,page4
page9,page224
page9,page6
page10,page2
page10,page10
page10,page15
page10,page13
page10,page14
page10,page16
page10,page12
page10,page11
page10,page4
page10,page8
page10,page9
page10,page7
page10,page3
page10,page6
page10,page5
page11,page4
page11,page17
page11,page229
page12,page4
page12,page17
page13,page232
page13,page10
page13,page233
page13,page242
page13,page250
page13,page243
page13,page241
page13,page240
page13,page255
page13,page251
page13,page17
page13,page247
page13,page236
page13,page222
page13,page238
page13,page245
page13,page35
page13,page260
page13,page231
page13,page248
page13,page249
page13,page258
page13,page234
page13,page254
page13,page239
page13,page230
page13,page259
page13,page253
page13,page244
page13,page235
page13,page256
page13,page237
page13,page4
page13,page257
page13,page252
page13,page246
page14,page10
page14,page15
page14,page4
page14,page8
page14,page9
page14,page6
page14,page5
page15,page2
page15,page10
page15,page15
page15,page13
page15,page14
page15,page16
page15,page12
page15,page11
page15,page4
page15,page8
page15,page9
page15,page7
page15,page3
page15,page6
page15,page5
page16,page4
page16,page17
page17,page2
page17,page262
page17,page254
page17,page12
page17,page11
page17,page261
page17,page4
page17,page17
page17,page263
page17,page16
page17,page13
page17,page14
page18,page10
page18,page268
page18,page23
page18,page22
page18,page293
page18,page264
page18,page270
page18,page19
page18,page265
page18,page26
page18,page5
page18,page285
page18,page283
page18,page273
page18,page279
page18,page284
page18,page276
page18,page278
page18,page294
page18,page292
page18,page9
page18,page269
page18,page271
page18,page280
page18,page20
page18,page18
page18,page282
page18,page15
page18,page287
page18,page291
page18,page21
page18,page275
page18,page290
page18,page8
page18,page274
page18,page25
page18,page281
page18,page3
page18,page272
page18,page267
page18,page286
page18,page27
page18,page289
page18,page4
page18,page288
page18,page266
page18,page277
page18,page6
page19,page18
page19,page10
page19,page15
page19,page23
page19,page27
page19,page21
page19,page5
page19,page22
page19,page4
page19,page8
page19,page9
page19,page19
page19,page26
page19,page25
page19,page3
page19,page6
page19,page20
page20,page18
page20,page10
page20,page15
page20,page23
page20,page27
page20,page21
page20,page5
page20,page22
page20,page4
page20,page8
page20,page9
page20,page19
page20,page26
page20,page25
page20,page3
page20,page6
page20,page20
page21,page18
page21,page10
page21,page15
page21,page23
page21,page27
page21,page21
page21,page5
page21,page22
page21,page4
page21,page8
page21,page9
page21,page19
page21,page26
page21,page25
page21,page3
page21,page6
page21,page20
page22,page356
page22,page335
page22,page420
page22,page314
page22,page315
page22,page396
page22,page412
page22,page399
page22,page376
page22,page446
page22,page358
page22,page457
page22,page19
page22,page330
page22,page422
page22,page308
page22,page349
page22,page442
page22,page430
page22,page298
page22,page333
page22,page413
page22,page319
page22,page9
page22,page391
page22,page368
page22,page297
page22,page348
page22,page366
page22,page342
page22,page452
page22,page380
page22,page394
page22,page390
page22,page392
page22,page426
page22,page440
page22,page410
page22,page445
page22,page370
page22,page329
page22,page318
page22,page336
page22,page337
page22,page355
page22,page322
page22,page373
page22,page408
page22,page433
page22,page436
page22,page447
page22,page455
page22,page323
page22,page383
page22,page10
page22,page406
page22,page431
page22,page379
page22,page22
page22,page459
page22,page26
page22,page427
page22,page404
page22,page462
page22,page435
page22,page350
page22,page438
page22,page305
page22,page415
page22,page20
page22,page347
page22,page372
page22,page299
page22,page421
page22,page304
page22,page321
page22,page324
page22,page402
page22,page307
page22,page326
page22,page8
page22,page363
page22,page405
page22,page344
page22,page295
page22,page3
page22,page362
page22,page424
page22,page341
page22,page451
page22,page441
page22,page458
page22,page4
page22,page377
page22,page352
page22,page25
page22,page398
page22,page325
page22,page301
page22,page425
page22,page340
page22,page23
page22,page461
page22,page306
page22,page371
page22,page309
page22,page316
page22,page361
page22,page450
page22,page354
page22,page386
page22,page403
page22,page381
page22,page443
page22,page359
page22,page419
page22,page395
page22,page434
page22,page437
page22,page18
page22,page418
page22,page15
page22,page313
page22,page353
page22,page21
page22,page334
page22,page339
page22,page332
page22,page387
page22,page367
page22,page411
page22,page302
page22,page385
page22,page416
page22,page400
page22,page360
page22,page453
page22,page429
page22,page310
page22,page375
page22,page407
page22,page432
page22,page345
page22,page382
page22,page296
page22,page388
page22,page311
page22,page346
page22,page364
page22,page384
page22,page5
page22,page374
page22,page444
page22,page328
page22,page357
page22,page369
page22,page423
page22,page463
page22,page456
page22,page401
page22,page317
page22,page439
page22,page397
page22,page460
page22,page417
page22,page365
page22,page300
page22,page338
page22,page343
page22,page312
page22,page393
page22,page414
page22,page454
page22,page320
page22,page327
page22,page389
page22,page428
page22,page448
page22,page449
page22,page378
page22,page303
page22,page409
page22,page27
page22,page331
page22,page6
page22,page351
page23,page18
page23,page10
page23,page15
page23,page23
page23,page27
page23,page21
page23,page5
page23,page22
page23,page4
page23,page8
page23,page9
page23,page19
page23,page26
page23,page25
page23,page3
page23,page6
page23,page20
page24,page18
page24,page10
page24,page355
page24,page15
page24,page348
page24,page22
page24,page4
page24,page388
page24,page8
page24,page9
page24,page361
page24,page359
page24,page50
page24,page330
page24,page3
page24,page6
page24,page5
page25,page18
page25,page10
page25,page15
page25,page23
page25,page27
page25,page21
page25,page5
page25,page22
page25,page4
page25,page8
page25,page9
page25,page19
page25,page26
page25,page25
page25,page3
page25,page6
page25,page20
page26,page18
page26,page10
page26,page15
page26,page23
page26,page27
page26,page21
page26,page5
page26,page22
page26,page4
page26,page8
page26,page9
page26,page19
page26,page26
page26,page25
page26,page3
page26,page6
page26,page20
page27,page18
page27,page10
page27,page15
page27,page23
page27,page21
page27,page27
page27,page5
page27,page22
page27,page4
page27,page8
page27,page9
page27,page19
page27,page26
page27,page25
page27,page3
page27,page6
page27,page20
page28,page28
page28,page37
page28,page36
page28,page4
page28,page33
page28,page17
page28,page29
page29,page28
page29,page37
page29,page36
page29,page4
page29,page33
page29,page17
page29,page29
page30,page2
page30,page10
page30,page15
page30,page13
page30,page14
page30,page16
page30,page12
page30,page11
page30,page4
page30,page8
page30,page9
page30,page7
page30,page3
page30,page6
page30,page5
page31,page2
page31,page10
page31,page15
page31,page13
page31,page14
page31,page16
page31,page12
page31,page11
page31,page4
page31,page8
page31,page9
page31,page7
page31,page3
page31,page6
page31,page5
page32,page2
page32,page12
page32,page11
page32,page4
page32,page17
page32,page16
page32,page14
page33,page28
page33,page37
page33,page36
page33,page4
page33,page33
page33,page17
page33,page29
page34,page2
page34,page10
page34,page15
page34,page13
page34,page14
page34,page16
page34,page12
page34,page11
page34,page4
page34,page8
page34,page9
page34,page7
page34,page3
page34,page6
page34,page5
page35,page4
page35,page464
page35,page17
page36,page28
page36,page37
page36,page36
page36,page4
page36,page33
page36,page17
page36,page29
page37,page28
page37,page37
page37,page36
page37,page4
page37,page33
page37,page17
page37,page29
page38,page2
page38,page262
page38,page254
page38,page12
page38,page11
page38,page261
page38,page4
page38,page17
page38,page263
page38,page16
page38,page13
page38,page14
page39,page40
page39,page10
page39,page46
page39,page42
page39,page15
page39,page47
page39,page5
page39,page41
page39,page4
page39,page8
page39,page9
page39,page45
page39,page465
page39,page44
page39,page3
page39,page6
page39,page43
page40,page10
page40,page46
page40,page42
page40,page15
page40,page47
page40,page5
page40,page41
page40,page4
page40,page8
page40,page9
page40,page45
page40,page465
page40,page44
page40,page3
page40,page39
page40,page6
page40,page43
page41,page10
page41,page468
page41,page42
page41,page15
page41,page470
page41,page469
page41,page5
page41,page41
page41,page4
page41,page8
page41,page9
page41,page45
page41,page467
page41,page466
page41,page3
page41,page6
page41,page43
page42,page40
page42,page10
page42,page46
page42,page42
page42,page15
page42,page47
page42,page5
page42,page41
page42,page4
page42,page8
page42,page9
page42,page45
page42,page44
page42,page3
page42,page39
page42,page6
page42,page43
page43,page480
page43,page500
page43,page10
page43,page476
page43,page498
page43,page481
page43,page473
page43,page474
page43,page496
page43,page5
page43,page472
page43,page475
page43,page478
page43,page284
page43,page485
page43,page9
page43,page477
page43,page479
page43,page499
page43,page486
page43,page15
page43,page482
page43,page497
page43,page8
page43,page484
page43,page490
page43,page3
page43,page495
page43,page6
page43,page492
page43,page471
page43,page494
page43,page488
page43,page483
page43,page491
page43,page487
page43,page4
page43,page493
page43,page489
