https://www.stackoverflow.com,16
https://www.stackoverflow.com/teams/integrations/jira,2
https://www.stackoverflow.com/help,18
https://www.stackoverflow.com/teams,18
https://www.stackoverflow.com/tags,17
https://www.stackoverflow.com/users,59
https://www.stackoverflow.com/teams/calculate/attract-and-retain-talent,3
https://www.stackoverflow.com/questions,128
https://www.stackoverflow.com/collectives,22
https://www.stackoverflow.com#,16
https://www.stackoverflow.com/teams/integrations/github,3
https://www.stackoverflow.com/teams/integrations/okta,2
https://www.stackoverflow.com/teams/tour,38
https://www.stackoverflow.com/teams/integrations/slack,7
https://www.stackoverflow.com/,16
https://www.stackoverflow.com/teams/integrations/microsoft-teams,2
https://www.stackoverflow.com/teams/pricing,12
https://www.stackoverflow.com/help/privileges,48
https://www.stackoverflow.com/help/reputation,17
https://www.stackoverflow.com/help/account,17
https://www.stackoverflow.com/help/asking,17
https://www.stackoverflow.com/help/badges,186
https://www.stackoverflow.com/help/review-queues,17
https://www.stackoverflow.com/tour,17
https://www.stackoverflow.com/help/answering,17
https://www.stackoverflow.com/help/collectives,17
https://www.stackoverflow.com/help/stackexchange,17
https://www.stackoverflow.com/teams/use-cases/data-analytics,7
https://www.stackoverflow.com/teams/use-cases/devops,7
https://www.stackoverflow.com#engagement,16
https://www.stackoverflow.com#onboard,16
https://www.stackoverflow.com/teams/integrations,7
https://www.stackoverflow.com/teams/use-cases/engineering,7
https://www.stackoverflow.com#productivity,16
https://www.stackoverflow.com/teams/security,3
https://www.stackoverflow.com/teams/use-cases/customer-support,7
https://www.stackoverflow.com/teams/use-cases/product-management,7
https://www.stackoverflow.com/teams/pricing#compare,12
https://www.stackoverflow.com/tags?page=4&tab=popular,17
https://www.stackoverflow.com/tags?page=3&tab=popular,17
https://www.stackoverflow.com/tags?tab=new,17
https://www.stackoverflow.com/tags?tab=popular,17
https://www.stackoverflow.com/tags/synonyms,133
https://www.stackoverflow.com/tags?page=5&tab=popular,18
https://www.stackoverflow.com/tags?tab=name,17
https://www.stackoverflow.com/tags?page=2&tab=popular,17
https://www.stackoverflow.com/tags?page=1862&tab=popular,17
https://www.stackoverflow.com/users/69083/guffa,44
https://www.stackoverflow.com/users/15168/jonathan-leffler,47
https://www.stackoverflow.com/users?tab=moderators,59
https://www.stackoverflow.com/users?page=5&tab=reputation&filter=all,60
https://www.stackoverflow.com/users/816620/jfriend00,43
https://www.stackoverflow.com/users?tab=Reputation&filter=month,59
https://www.stackoverflow.com/users/88656/eric-lippert,47
https://www.stackoverflow.com/users?tab=Reputation&filter=all,59
https://www.stackoverflow.com/users/139985/stephen-c,47
https://www.stackoverflow.com/users/571407/jb-nizet,47
https://www.stackoverflow.com/users/157247/t-j-crowder,39
https://www.stackoverflow.com/users/2901002/jezrael,47
https://www.stackoverflow.com/users/13302/marc-s,47
https://www.stackoverflow.com/users/3732271/akrun,48
https://www.stackoverflow.com/users/1491895/barmar,44
https://www.stackoverflow.com/users/17034/hans-passant,47
https://www.stackoverflow.com/users/19068/quentin,44
https://www.stackoverflow.com/users/893/greg-hewgill,47
https://www.stackoverflow.com/users/157882/balusc,46
https://www.stackoverflow.com/users?tab=voters,59
https://www.stackoverflow.com/users/23354/marc-gravell,47
https://www.stackoverflow.com/users/106224/boltclock,45
https://www.stackoverflow.com/users/53114/gumbo,44
https://www.stackoverflow.com/users/95810/alex-martelli,48
https://www.stackoverflow.com/users/23283/jaredpar,47
https://www.stackoverflow.com/users?page=3&tab=reputation&filter=all,59
https://www.stackoverflow.com/users/6309/vonc,50
https://www.stackoverflow.com/users/61974/mark-byers,47
https://www.stackoverflow.com/users/190597/unutbu,47
https://www.stackoverflow.com/users?page=2&tab=reputation&filter=all,59
https://www.stackoverflow.com/users/100297/martijn-pieters,47
https://www.stackoverflow.com/users?tab=Reputation&filter=week,59
https://www.stackoverflow.com/users/335858/sergey-kalinichenko,47
https://www.stackoverflow.com/users/218196/felix-kling,45
https://www.stackoverflow.com/users/548225/anubhava,47
https://www.stackoverflow.com/users/115145/commonsware,47
https://www.stackoverflow.com/users?tab=reputation,59
https://www.stackoverflow.com/users?tab=newusers,56
https://www.stackoverflow.com/users/20862/ignacio-vazquez-abrams,47
https://www.stackoverflow.com/users/19563/cb-bailey,47
https://www.stackoverflow.com/users/34397/slaks,45
https://www.stackoverflow.com/users?tab=Reputation&filter=quarter,59
https://www.stackoverflow.com/users?tab=editors,59
https://www.stackoverflow.com/users/14860/paxdiablo,47
https://www.stackoverflow.com/users?tab=Reputation&filter=year,59
https://www.stackoverflow.com/users/1144035/gordon-linoff,47
https://www.stackoverflow.com/users/29407/darin-dimitrov,46
https://www.stackoverflow.com/users?page=4&tab=reputation&filter=all,59
https://www.stackoverflow.com/users/22656/jon-skeet,50
https://www.stackoverflow.com/users/5445/christian-c-salvad%c3%b3,39
https://www.stackoverflow.com/users?page=480649&tab=reputation&filter=all,59
https://www.stackoverflow.com#time,16
https://www.stackoverflow.com/questions/72193865/boolean-function-returning-false-even-though-condition-is-satisfied-to-return-tr,33
https://www.stackoverflow.com/questions?tab=Newest,128
https://www.stackoverflow.com/users/19084772/adventure-peter,13
https://www.stackoverflow.com/users/6523359/dariusz,35
https://www.stackoverflow.com/users/4911426/shahboz,38
https://www.stackoverflow.com/questions/72193834/how-can-i-decrease-stocks-base-on-order-quantity-using-node,32
https://www.stackoverflow.com/questions?tab=Bounties,126
https://www.stackoverflow.com/users/13342713/cth,32
https://www.stackoverflow.com/questions/72193778/envstatsepdfplot-throws-error-with-continuous-distribution,38
https://www.stackoverflow.com/users/8076689/user8076689,34
https://www.stackoverflow.com/questions?tab=newest&pagesize=50,128
https://www.stackoverflow.com/questions/72193810/calloc-causes-segmantation-fault,39
https://www.stackoverflow.com/collectives/google-cloud,120
https://www.stackoverflow.com/users/14579118/sean-mckenzie,37
https://www.stackoverflow.com/users/11157798/purulence,18
https://www.stackoverflow.com/questions/72193807/how-to-know-when-regex-requires-2-arguments-or-3-with-text-replacement,34
https://www.stackoverflow.com/questions/72193800/how-to-mint-a-smart-contract-in-phases,31
https://www.stackoverflow.com/users/6118986/user6118986,34
https://www.stackoverflow.com/users/12872381/srgiil,13
https://www.stackoverflow.com/questions/72193794/how-to-sort-arrays-of-objects-by-dates-but-with-most-current-date-first-in-javas,36
https://www.stackoverflow.com/users/9037515/ayobamilaye,34
https://www.stackoverflow.com/questions?tab=Active,149
https://www.stackoverflow.com/questions/72193777/how-does-spark-distribute-groupeddata-applypandas-udf-into-tasks,32
https://www.stackoverflow.com/questions/72193813/how-to-obtain-the-youtube-channel-name-for-thousands-of-downloaded-youtube-video,39
https://www.stackoverflow.com/questions/72193818/flutter-click-is-responding-to-every-item-in-listview-builder,22
https://www.stackoverflow.com/users/8804066/icanbe444,25
https://www.stackoverflow.com/questions/72193868/python-mixin-why-is-my-serialized-field-not-coming-through,35
https://www.stackoverflow.com/users/1160754/arnold-daniels,45
https://www.stackoverflow.com/questions?tab=Frequent,135
https://www.stackoverflow.com/questions/72193850/how-can-i-glob-all-files-with-and-without-extension-in-python-using-pathlib-an,42
https://www.stackoverflow.com/questions/72193780/spliting-data-into-x-and-y,37
https://www.stackoverflow.com/users/4334320/amirabbas-asadi,35
https://www.stackoverflow.com/questions/72193836/python-skip-that-process-when-i-get-an-error,38
https://www.stackoverflow.com/users/15924759/meme,24
https://www.stackoverflow.com/users/13393807/vetle101,18
https://www.stackoverflow.com/collectives/go,121
https://www.stackoverflow.com/questions/72193854/how-to-validate-and-filter-a-specific-url-component-with-textformfield-validator,35
https://www.stackoverflow.com/questions/72193843/is-there-a-standard-built-in-way-to-handle-race-conditions-with-ckfetchrecordz,34
https://www.stackoverflow.com/users/398582/kem-mason,38
https://www.stackoverflow.com/questions/72193796/how-to-line-up-rectangles,37
https://www.stackoverflow.com/collectives-all,13
https://www.stackoverflow.com/questions?tab=Votes,124
https://www.stackoverflow.com/questions/72193871/python-im-trying-to-use-math-contained-in-a-variable,42
https://www.stackoverflow.com/questions/72193847/how-to-get-thrustunique-to-work-with-a-vector-of-thrustpair,37
https://www.stackoverflow.com/questions/72193814/undefined-variable-when-using-the-search-methode-laravel,39
https://www.stackoverflow.com/questions/72193857/how-do-i-cast-or-otherwise-convert-a-googleprotobufvalue-to-a-specific-messa,37
https://www.stackoverflow.com/questions/72193839/a-script-that-downloads-10-articles-from-pubmed-using-the-biopython,37
https://www.stackoverflow.com/questions?tab=newest&page=5,127
https://www.stackoverflow.com/users/19087954/michael-perez,13
https://www.stackoverflow.com/questions?tab=Unanswered,126
https://www.stackoverflow.com/users/16792468/the-things-027,14
https://www.stackoverflow.com/questions/72193790/same-id-on-desktop-and-mobile,38
https://www.stackoverflow.com/users/18702774/kylie,26
https://www.stackoverflow.com/users/18599484/devman3211,34
https://www.stackoverflow.com/questions/72193849/django-urls-to-apps-showing-404-errors,33
https://www.stackoverflow.com/users/17530310/hslt,18
https://www.stackoverflow.com/questions?tab=newest&pagesize=30,128
https://www.stackoverflow.com/questions?tab=newest&pagesize=15,127
https://www.stackoverflow.com/users/19089203/s-j,13
https://www.stackoverflow.com/questions/72193808/make-dictionary-that-will-loop-every-9-numbers-c-sharp,40
https://www.stackoverflow.com/questions?tab=newest&page=4,128
https://www.stackoverflow.com/questions/72193838/resulting-in-a-blank-screen-when-listing-data-with-firebasefirestore-in-react,36
https://www.stackoverflow.com/questions/72193863/i-have-a-log-in-api-that-is-supposed-to-throw-error-when-an-invalid-user-is-ente,37
https://www.stackoverflow.com/questions/72193784/why-doesnt-the-exports-field-of-npm-work-in-typescript,36
https://www.stackoverflow.com/questions/72193851/error-while-scaffolding-identity-two-versions-of-microsoft-aspnetcore-identity,29
https://www.stackoverflow.com/users/15527685/together,18
https://www.stackoverflow.com/questions/72193783/sorting-typescript-string,38
https://www.stackoverflow.com/users/15881299/mahi,26
https://www.stackoverflow.com/users/15404782/classic-sasquatch-behavior,22
https://www.stackoverflow.com/users/17092805/ramazanc,19
https://www.stackoverflow.com/questions?tab=newest&page=2,126
https://www.stackoverflow.com/questions/72193804/react-imports-since-src,39
https://www.stackoverflow.com/users/8535595/kristopher-kerwin,25
https://www.stackoverflow.com/collectives/gitlab,115
https://www.stackoverflow.com/users/13562186/nick,36
https://www.stackoverflow.com/users/18832188/mark-fairchild,28
https://www.stackoverflow.com/users/1219317/traveling-salesman,39
https://www.stackoverflow.com/users/12112336/laziale8,24
https://www.stackoverflow.com/users/8916408/rafael-pinheiro,35
https://www.stackoverflow.com/users/15314185/rabo,28
https://www.stackoverflow.com/users/5526445/peter,37
https://www.stackoverflow.com/users/12885102/rog-ka,26
https://www.stackoverflow.com/questions/72193815/is-there-a-dashboard-tool-that-is-in-table-view-you-can-show-the-test-results,38
https://www.stackoverflow.com/questions/72193801/android-java-inline-object-initialization-not-working-as-expected,38
https://www.stackoverflow.com/questions/72193867/spark-chunk-slice-large-array-column-into-multiple-dataframes,38
https://www.stackoverflow.com/users/18465354/fes1947,13
https://www.stackoverflow.com/questions/72193795/fastlane-issue-with-fastlane-match-couldnt-decrypt-the-repo-please-make-sure,30
https://www.stackoverflow.com/questions/72193828/opencv-rotate-camera-mode,27
https://www.stackoverflow.com/users/18649119/cat-amenia,13
https://www.stackoverflow.com/users/2672805/fotis-j,38
https://www.stackoverflow.com/questions/72193835/table-borders-in-j2html,34
https://www.stackoverflow.com/questions/72193866/cant-make-the-condition-return-true-in-js,34
https://www.stackoverflow.com/questions/72193862/how-to-access-dynamically-allocated-array-in-cuda,37
https://www.stackoverflow.com/collectives/twilio,122
https://www.stackoverflow.com/users/18378128/hasansencer,16
https://www.stackoverflow.com/questions/72193874/remove-listview-items-in-android-from-firebase-realtime-database,35
https://www.stackoverflow.com/users/12778682/monty,20
https://www.stackoverflow.com/questions/72193781/c-sharp-deserialization-map-specific-property-to-its-child-property,40
https://www.stackoverflow.com/questions/72193779/is-it-possible-to-invoke-three-function-with-the-same-settimeout-setinterval-wit,38
https://www.stackoverflow.com/questions?tab=newest&page=451137,113
https://www.stackoverflow.com/questions/72193846/how-to-correctly-configure-encoder-decoder-lstm-with-multiple-features-and-a-sin,27
https://www.stackoverflow.com/users/52207/john,43
https://www.stackoverflow.com/users/14902589/flann3l,25
https://www.stackoverflow.com/users/1352559/josh,35
https://www.stackoverflow.com/questions/72193856/how-to-round-the-sides-not-the-corners-of-a-div-using-css,38
https://www.stackoverflow.com/users/18390038/talha-jobayer,14
https://www.stackoverflow.com/questions/72193869/combining-columns-of-multiple-correlation-matrix-in-r,33
https://www.stackoverflow.com/users/5171120/chuck,38
https://www.stackoverflow.com/questions/72193812/removing-background-from-video-with-threshold-python-opencv,34
https://www.stackoverflow.com/users/7160346/ravi,40
https://www.stackoverflow.com/users/14040935/cacarekt,25
https://www.stackoverflow.com/questions/72193832/in-spark-scala-how-to-create-a-column-with-substring-using-locate-as-a-para,36
https://www.stackoverflow.com/users/19089406/hossain,13
https://www.stackoverflow.com/users/2807741/diego-perez,39
https://www.stackoverflow.com/questions/72193848/asp-net-core-web-api-how-to-resolve-conflict-between-serilog-and-microsoft-ext,35
https://www.stackoverflow.com/questions/72193802/cant-edit-the-cluster-created-by-mlflow-model-serving,30
https://www.stackoverflow.com/questions/72193805/how-do-i-see-the-command-line-that-bazel-run-executes,37
https://www.stackoverflow.com/questions?tab=newest&page=3,126
https://www.stackoverflow.com/users/10381878/jeffreyx38,13
https://www.stackoverflow.com/users/3266847/benjamin-w,49
https://www.stackoverflow.com/collectives/intel,119
https://www.stackoverflow.com/help/collectives-what-are,17
https://www.stackoverflow.com#articles,16
https://www.stackoverflow.com/help/collectives-tags,17
https://www.stackoverflow.com#recommendedanswers,16
https://www.stackoverflow.com#homepage,16
https://www.stackoverflow.com#recognizedusers,16
https://www.stackoverflow.com/help/collectives-user-types,17
https://www.stackoverflow.com/help/collectives-recommended-answer,17
https://www.stackoverflow.com/explore-teams,9
https://www.stackoverflow.com#tour-questions-experts,16
https://www.stackoverflow.com#groups,16
https://www.stackoverflow.com#tour-collections-collection,16
https://www.stackoverflow.com#tour-questions-tags,16
https://www.stackoverflow.com#dashboard,16
https://www.stackoverflow.com#questions,16
https://www.stackoverflow.com#tour-dashboard-export,16
https://www.stackoverflow.com#content-health,16
https://www.stackoverflow.com#tour-articles-tags,16
https://www.stackoverflow.com#tour-sso-secure,16
https://www.stackoverflow.com#tour-contenthealth-verify,16
https://www.stackoverflow.com#tour-answers-accept,16
https://www.stackoverflow.com#tour-questions-body,16
https://www.stackoverflow.com#tour-answers-vote,16
https://www.stackoverflow.com#tour-articles-type,16
https://www.stackoverflow.com#answers,16
https://www.stackoverflow.com#tour-articles-permissions,16
https://www.stackoverflow.com#tour-contenthealth-tags,16
https://www.stackoverflow.com#tour-groups-group,16
https://www.stackoverflow.com/c/stack-overflow/review/content-health/,8
https://www.stackoverflow.com#tour-dashboard-interaction,16
https://www.stackoverflow.com#tour-answers-reactions,16
https://www.stackoverflow.com#tour-dashboard-experts,16
https://www.stackoverflow.com#tour-contenthealth-identify,16
https://www.stackoverflow.com/teams/articles,9
https://www.stackoverflow.com#collections,16
https://www.stackoverflow.com#tour-articles-editor,16
https://www.stackoverflow.com#tour-questions-title,16
https://www.stackoverflow.com#tour-answers-timestamp,16
https://www.stackoverflow.com#sso,16
https://www.stackoverflow.com#tour-answers-answer,16
https://www.stackoverflow.com/teams/customer-success,2
https://www.stackoverflow.com/teams/content-health,2
https://www.stackoverflow.com#compare,16
https://www.stackoverflow.com/help/privileges/established-user,17
https://www.stackoverflow.com/help/privileges/reduced-ads,17
https://www.stackoverflow.com?tab=communication,16
https://www.stackoverflow.com/help/privileges/approve-tag-wiki-edits,18
https://www.stackoverflow.com/help/privileges/vote-down,22
https://www.stackoverflow.com/help/privileges/vote-up,17
https://www.stackoverflow.com/help/privileges/view-close-votes,19
https://www.stackoverflow.com/help/privileges/moderator-tools,24
https://www.stackoverflow.com/help/privileges/create-tags,18
https://www.stackoverflow.com/help/privileges/create-posts,17
https://www.stackoverflow.com?tab=milestone,16
https://www.stackoverflow.com/help/privileges/site-analytics,18
https://www.stackoverflow.com/help/privileges/flag-posts,24
https://www.stackoverflow.com/help/privileges/access-review-queues,26
https://www.stackoverflow.com/help/privileges/edit-community-wiki,17
https://www.stackoverflow.com/help/privileges/new-user,17
https://www.stackoverflow.com/help/privileges/chat,17
https://www.stackoverflow.com?tab=moderation,16
https://www.stackoverflow.com?tab=all,16
https://www.stackoverflow.com/help/privileges/comment,21
https://www.stackoverflow.com/help/privileges/suggest-tag-synonyms,19
https://www.stackoverflow.com/help/privileges/edit,19
https://www.stackoverflow.com/help/privileges/set-bounties,19
https://www.stackoverflow.com/help/privileges/close-questions,28
https://www.stackoverflow.com?tab=creation,16
https://www.stackoverflow.com/help/privileges/chat-rooms,17
https://www.stackoverflow.com/help/privileges/gallery-chat-rooms,17
https://www.stackoverflow.com/help/privileges/participate-in-meta,17
https://www.stackoverflow.com/help/privileges/community-wiki,17
https://www.stackoverflow.com/help/privileges/protect-questions,18
https://www.stackoverflow.com/help/privileges/trusted-user,17
https://www.stackoverflow.com/help/badges/28/famous-question?userid=7651567,20
https://www.stackoverflow.com/help/badges/4370/illuminator,82
https://www.stackoverflow.com/help/badges/19/enlightened,93
https://www.stackoverflow.com/help/badges/1478/reviewer,84
https://www.stackoverflow.com/help/badges?tab=general&filter=silver,125
https://www.stackoverflow.com/help/badges/1656/research-assistant,84
https://www.stackoverflow.com/help/badges/28/famous-question?userid=2837443,20
https://www.stackoverflow.com/help/badges/1973/caucus,71
https://www.stackoverflow.com/users/1694699/ofnowhere,38
https://www.stackoverflow.com/help/badges/4128/inquisitive,83
https://www.stackoverflow.com/help/badges/1298/marshal,84
https://www.stackoverflow.com/help/badges/27/notable-question?userid=5556664,21
https://www.stackoverflow.com/help/badges?tab=tags&filter=gold,1159
https://www.stackoverflow.com/help/badges/8841/lifejacket,137
https://www.stackoverflow.com/help/badges/6/supporter,83
https://www.stackoverflow.com/help/badges/27/notable-question?userid=2452803,20
https://www.stackoverflow.com/help/badges/146/legendary,86
https://www.stackoverflow.com/help/badges/837/revival,139
https://www.stackoverflow.com/help/badges/25/great-answer?userid=945456,20
https://www.stackoverflow.com/help/badges/155/electorate,83
https://www.stackoverflow.com/help/badges/28/famous-question?userid=886906,43
https://www.stackoverflow.com/users/825920/ca9163d9,41
https://www.stackoverflow.com/help/badges/28/famous-question?userid=4718799,22
https://www.stackoverflow.com/help/badges/222/altruist,141
https://www.stackoverflow.com/help/badges/4127/curious,83
https://www.stackoverflow.com/help/badges/63/tumbleweed,112
https://www.stackoverflow.com/users/4718799/eric-chu,38
https://www.stackoverflow.com/help/badges/27/notable-question?userid=5212614,57
https://www.stackoverflow.com/help/badges/892/precognitive,18
https://www.stackoverflow.com/help/badges/27/notable-question?userid=4647107,22
https://www.stackoverflow.com/help/badges/17/necromancer?userid=5815054,26
https://www.stackoverflow.com/help/badges?tab=tags&filter=bronze,6682
https://www.stackoverflow.com/help/badges/1276/proofreader,83
https://www.stackoverflow.com/users/5212614/ash,45
https://www.stackoverflow.com/help/badges/15/generalist,84
https://www.stackoverflow.com/help/badges/2600/informed,83
https://www.stackoverflow.com/help/badges/71/enthusiast?userid=18675115,19
https://www.stackoverflow.com/help/badges/8842/lifeboat,139
https://www.stackoverflow.com/help/badges/6644/census,83
https://www.stackoverflow.com?tab=General&filter=all,16
https://www.stackoverflow.com/help/badges/94/pundit,83
https://www.stackoverflow.com/help/badges/28/famous-question?userid=2413182,29
https://www.stackoverflow.com/users/945456/jeff-b,42
https://www.stackoverflow.com/help/badges/1002/deputy,83
https://www.stackoverflow.com/users/6691714/mohi,40
https://www.stackoverflow.com/help/badges/1287/excavator,141
https://www.stackoverflow.com/help/badges/17/necromancer?userid=345716,38
https://www.stackoverflow.com/help/badges/901/convention,83
https://www.stackoverflow.com/help/badges/13/yearling,82
https://www.stackoverflow.com/help/badges/9/autobiographer,83
https://www.stackoverflow.com/help/badges/223/copy-editor,83
https://www.stackoverflow.com/users/3589318/mcduffin,34
https://www.stackoverflow.com/help/badges/219/investor,142
https://www.stackoverflow.com/help/badges/32/civic-duty,83
https://www.stackoverflow.com/help/badges/6381/not-a-robot,83
https://www.stackoverflow.com/users/4306369/thorben-kuck,38
https://www.stackoverflow.com/help/badges/27/notable-question?userid=5418725,20
https://www.stackoverflow.com/users/5961565/lukep412,20
https://www.stackoverflow.com/users/7651567/armin,20
https://www.stackoverflow.com/help/badges/11/taxonomist,83
https://www.stackoverflow.com/help/badges/2/student,143
https://www.stackoverflow.com/help/badges/36/stellar-question,141
https://www.stackoverflow.com/help/badges/2278/custodian,81
https://www.stackoverflow.com/help/badges/5/organizer,141
https://www.stackoverflow.com/help/badges/28/famous-question,142
https://www.stackoverflow.com/help/badges/17/necromancer?userid=47207,22
https://www.stackoverflow.com/help/badges/3/editor,138
https://www.stackoverflow.com/help/badges/261/booster,137
https://www.stackoverflow.com/help/badges/262/publicist,140
https://www.stackoverflow.com/help/badges/33/favorite-question,140
https://www.stackoverflow.com/help/badges/28/famous-question?userid=1694699,21
https://www.stackoverflow.com/help/badges/27/notable-question?userid=13066267,19
https://www.stackoverflow.com/help/badges/30/beta,83
https://www.stackoverflow.com/users/5418725/kaywinpark,20
https://www.stackoverflow.com/users/345716/peter-v-m%c3%b8rch,39
https://www.stackoverflow.com?tab=General&filter=bronze,16
https://www.stackoverflow.com/help/badges/3108/constable,18
https://www.stackoverflow.com/help/badges/12/strunk-white,83
https://www.stackoverflow.com/users/13066267/redliz5808,23
https://www.stackoverflow.com/help/badges/226/unsung-hero,83
https://www.stackoverflow.com/users/11312371/scott-guthart,35
https://www.stackoverflow.com/help/badges/7/critic,84
https://www.stackoverflow.com/help/badges/17/necromancer?userid=6819406,20
https://www.stackoverflow.com/help/badges/17/necromancer?userid=11312371,21
https://www.stackoverflow.com/users/5746074/ewomazino-ukah,43
https://www.stackoverflow.com/help/badges/27/notable-question?userid=9600676,20
https://www.stackoverflow.com/help/badges/17/necromancer,142
https://www.stackoverflow.com/help/badges/884/talkative,84
https://www.stackoverflow.com/users/18675115/work,12
https://www.stackoverflow.com/help/badges/1002/deputy?userid=6691714,19
https://www.stackoverflow.com/users/7272998/hamed-minaee,38
https://www.stackoverflow.com/help/badges/4368/explainer,83
https://www.stackoverflow.com/help/badges/27/notable-question,141
https://www.stackoverflow.com/help/badges/24/good-answer,111
https://www.stackoverflow.com/help/badges/14/self-learner,142
https://www.stackoverflow.com?tab=General&filter=gold,16
https://www.stackoverflow.com/help/badges/805/sportsmanship,83
https://www.stackoverflow.com?tab=General&filter=earned,16
https://www.stackoverflow.com/help/badges/83/fanatic,83
https://www.stackoverflow.com/help/badges/3109/sheriff,62
https://www.stackoverflow.com/users/2413182/ancient,37
https://www.stackoverflow.com/help/badges/27/notable-question?userid=825920,80
https://www.stackoverflow.com/help/badges/28/famous-question?userid=2216190,24
https://www.stackoverflow.com?tab=General&filter=silver,16
https://www.stackoverflow.com/help/badges?tab=general&filter=gold,110
https://www.stackoverflow.com/help/badges/4129/socratic,83
https://www.stackoverflow.com/help/badges/804/suffrage,83
https://www.stackoverflow.com/help/badges/95/reversal,132
https://www.stackoverflow.com/help/badges/998/outspoken,83
https://www.stackoverflow.com/help/badges/4/cleanup,129
https://www.stackoverflow.com/help/badges/900/quorum,83
https://www.stackoverflow.com/help/badges/1/teacher,142
https://www.stackoverflow.com/help/badges/260/announcer,141
https://www.stackoverflow.com/help/badges/27/notable-question?userid=7272998,38
https://www.stackoverflow.com/help/badges/10/scholar,140
https://www.stackoverflow.com/users/2452803/jasonericson,25
https://www.stackoverflow.com/help/badges/1974/constituent,84
https://www.stackoverflow.com/help/badges/6158/documentation-pioneer,83
https://www.stackoverflow.com/help/badges/27/notable-question?userid=1997084,21
https://www.stackoverflow.com/users/18413921/user18413921,12
https://www.stackoverflow.com/help/badges/8/citizen-patrol,83
https://www.stackoverflow.com/users/9600676/terry-bennett,16
https://www.stackoverflow.com/help/badges/17/necromancer?userid=4306369,22
https://www.stackoverflow.com/help/badges/38/peer-pressure,83
https://www.stackoverflow.com/help/badges/26/popular-question,143
https://www.stackoverflow.com/help/badges/27/notable-question?userid=4153589,38
https://www.stackoverflow.com/help/badges/31/commentator,83
https://www.stackoverflow.com/help/badges/27/notable-question?userid=4353060,23
https://www.stackoverflow.com/users/4153589/amodkanthe,40
https://www.stackoverflow.com/users/1997084/ramanuj-singh,31
https://www.stackoverflow.com?tab=General&filter=unearned,16
https://www.stackoverflow.com/users/5815054/hb0,39
https://www.stackoverflow.com/help/badges/145/epic,83
https://www.stackoverflow.com/users/4647107/pratyush-das,38
https://www.stackoverflow.com/help/badges/20/nice-question,134
https://www.stackoverflow.com/help/badges/23/nice-answer,144
https://www.stackoverflow.com/help/badges/1108/vox-populi,83
https://www.stackoverflow.com/help/badges/62/populist,137
https://www.stackoverflow.com/users/5556664/gciluffo,32
https://www.stackoverflow.com/help/badges/18/guru,116
https://www.stackoverflow.com/users/47207/noel-kennedy,41
https://www.stackoverflow.com/help/badges/24/good-answer?userid=3589318,20
https://www.stackoverflow.com/help/badges/71/enthusiast,83
https://www.stackoverflow.com/users/2216190/user2216190,38
https://www.stackoverflow.com/help/badges/7358/documentation-user,83
https://www.stackoverflow.com/help/badges/2279/steward,79
https://www.stackoverflow.com/users/886906/haradzieniec,39
https://www.stackoverflow.com/users/6819406/jw0914,25
https://www.stackoverflow.com/help/badges/22/great-question,138
https://www.stackoverflow.com/help/badges/37/disciplined,83
https://www.stackoverflow.com/users/2837443/alex-f,41
https://www.stackoverflow.com/help/badges/220/promoter,143
https://www.stackoverflow.com/help/badges/71/enthusiast?userid=18413921,19
https://www.stackoverflow.com/help/badges?tab=tags&filter=silver,2418
https://www.stackoverflow.com/help/badges/225/tenacious,83
https://www.stackoverflow.com/users/4353060/monomeeth,40
https://www.stackoverflow.com/help/badges?tab=general&filter=bronze,131
https://www.stackoverflow.com/help/badges/17/necromancer?userid=5746074,23
https://www.stackoverflow.com/help/badges/21/good-question,134
https://www.stackoverflow.com/help/badges/27/notable-question?userid=5961565,20
https://www.stackoverflow.com/help/badges/1286/archaeologist,83
https://www.stackoverflow.com/help/badges/254/tag-editor,83
https://www.stackoverflow.com/help/badges/221/benefactor,143
https://www.stackoverflow.com/help/badges/1224/synonymizer,83
https://www.stackoverflow.com/help/badges/25/great-answer,127
https://www.stackoverflow.com/help/badges/144/mortarboard,84
https://www.stackoverflow.com/help/badges/4369/refiner,83
https://www.stackoverflow.com/help/badges/1306/analytical,83
https://www.stackoverflow.com/help/badges/6157/documentation-beta,82
https://www.stackoverflow.com/teams/customers,2
https://www.stackoverflow.com/tags?page=1&tab=popular,17
https://www.stackoverflow.com/tags?page=2&tab=new,17
https://www.stackoverflow.com/tags?page=4&tab=new,17
https://www.stackoverflow.com/tags?page=5&tab=new,18
https://www.stackoverflow.com/tags?page=13&tab=new,17
https://www.stackoverflow.com/tags?page=3&tab=new,17
https://www.stackoverflow.com/tags/projects-and-solutions/synonyms,38
https://www.stackoverflow.com/tags/alias/synonyms,38
https://www.stackoverflow.com/tags/synonyms?page=2&tab=newest&dir=descending&filter=active,121
https://www.stackoverflow.com/users/2370483/machavity,44
https://www.stackoverflow.com/tags/nhibernate-mapping-by-code/synonyms,38
https://www.stackoverflow.com/tags/wikidata-query-service/synonyms,38
https://www.stackoverflow.com?tab=Synonym&dir=Ascending&filter=Active,16
https://www.stackoverflow.com/tags/cloudcaptain/synonyms,38
https://www.stackoverflow.com/tags/cmake-custom-command/synonyms,38
https://www.stackoverflow.com/tags/mongodb-.net-driver/synonyms,42
https://www.stackoverflow.com?tab=RenameAge&dir=Descending&filter=Active,16
https://www.stackoverflow.com/users/366904/cody-gray,48
https://www.stackoverflow.com/tags/polkit/synonyms,37
https://www.stackoverflow.com/tags/synchronization/synonyms,39
https://www.stackoverflow.com/tags/synonyms?page=5&tab=newest&dir=descending&filter=active,114
https://www.stackoverflow.com/tags/game-boy-advance/synonyms,38
https://www.stackoverflow.com/users/1839439/dharman,43
https://www.stackoverflow.com/tags/shortcut-file/synonyms,38
https://www.stackoverflow.com/tags/global/synonyms,37
https://www.stackoverflow.com/users/13070/mark-b,47
https://www.stackoverflow.com/users/13460602/ma%c3%abl,43
https://www.stackoverflow.com/tags/nim-lang/synonyms,38
https://www.stackoverflow.com/tags/amazon-s3/synonyms,40
https://www.stackoverflow.com/tags/sanitization/synonyms,37
https://www.stackoverflow.com/users/8690857/drew-reese,46
https://www.stackoverflow.com/tags/azure-aks/synonyms,40
https://www.stackoverflow.com/tags/amazon-quicksight/synonyms,37
https://www.stackoverflow.com?tab=Target&dir=Ascending&filter=Active,16
https://www.stackoverflow.com/users/7328782/cris-luengo,47
https://www.stackoverflow.com/tags/broken-image/synonyms,37
