the,672
and,645
to,642
a,596
for,497
questions,486
stack,449
is,362
overflow,342
teams,342
of,322
this,317
your,289
in,265
asked,256
i,238
on,234
with,225
or,204
week,187
more,186
use,178
about,176
today,174
that,173
you,170
knowledge,164
question,155
how,150
answers,141
it,139
do,126
tag,119
are,118
0,117
all,114
help,113
team,113
an,112
exchange,111
can,107
by,105
collectives,104
answer,103
what,98
awarded,98
language,93
tags,92
our,90
company,84
up,83
be,83
create,82
work,82
1,82
free,81
policy,81
cookie,81
learn,80
from,79
using,79
my,75
data,73
as,73
ago,71
find,70
content,70
badges,70
developers,69
votes,69
share,68
programming,68
why,64
products,63
have,63
microsoft,63
not,63
get,61
information,61
views,61
technologists,59
blog,59
here,59
talent,58
advertising,58
time,58
business,58
user,58
communities,57
private,55
users,55
support,55
other,53
used,53
within,52
new,52
privacy,52
web,52
public,51
community,51
mins,49
where,48
sign,48
customize,48
log,47
javascript,47
bronze,47
build,46
most,46
if,46
cookies,46
5,46
gold,46
silver,46
list,45
sharing,44
3,44
c,43
score,43
search,42
we,42
at,42
network,42
site,42
created,42
started,41
reputation,41
python,41
2,41
single,40
structured,40
need,39
when,38
software,38
api,38
service,38
aug,38
loading,37
companies,37
around,37
platform,37
product,37
enterprise,37
code,37
first,36
qa,35
framework,35
explore,34
only,34
should,34
technology,34
reach,33
meta,33
one,33
start,32
technologies,32
has,32
integration,32
review,32
4,32
easy,31
but,31
integrations,31
contact,31
post,31
system,31
features,30
they,30
tools,30
press,30
us,30
development,30
related,30
current,29
centralized,29
collaborate,29
articles,29
see,29
legal,29
settings,29
twitter,29
linkedin,29
chat,28
connect,28
no,28
own,28
6,28
terms,28
store,28
employer,27
brand,27
collectives™,27
technical,27
want,27
their,27
contributions,27
7,27
specific,27
view,27
posts,27
applications,27
am,27
home,26
trusted,26
location,26
open,26
slack,26
under,26
accept,26
ask,26
account,26
queue,26
sql,26
10,26
organizations,25
engineers,25
okta,25
science,25
2022,25
inc,25
clicking,25
html,25
×,25
collaborating,24
was,24
edit,24
ios,24
os,24
coworkers,23
worldwide,23
organizational,23
people,23
just,23
also,23
server,23
professional,23
facebook,23
design,23
“accept,23
cookies”,23
agree,23
device,23
disclose,23
accordance,23
"settings
",23
java,23
swift,23
30,23
members,23
out,22
go,22
teammates,22
them,22
different,22
culture,22
recreation,22
life,22
arts,22
instagram,22
logo,22
licensed,22
cc,22
bysa,22
rev,22
20225542046,22
its,22
source,22
join,21
per,21
month,21
cloud,21
management,21
topics,21
collective,21
ruby,21
page,21
file,21
space,20
engineering,20
12,20
customer,20
over,20
php,20
application,20
linux,20
will,20
28,20
hours,20
large,19
popular,19
format,19
together,19
chatops,19
collections,19
write,19
access,19
who,19
earn,19
add,19
net,19
angular,19
others,18
times,18
building,18
between,18
base,18
usd,18
center,18
asking,18
show,18
android,18
library,18
opensource,18
windows,18
version,18
15,18
year,18
jira,17
github,17
read,17
make,17
model,17
database,17
x,17
13,17
badge,17
yesterday,17
developer,16
collaboration,16
productivity,16
take,16
types,16
stackoverflowcom,16
basic,16
priority,16
success,16
27,16
some,16
next,16
so,16
designed,16
audio,16
days,16
50,15
unlimited,15
experts,15
problems,15
queues,15
include,15
object,15
type,15
100,14
tour,14
customers,14
signon,14
saml,14
been,14
across,14
such,14
written,14
mysql,14
general,14
without,14
like,14
app,14
vote,14
yearling,14
tue,14
mon,14
jul,14
best,13
every,13
roi,13
world,13
14,13
health,13
robust,13
it’s,13
built,13
keep,13
does,13
accepted,13
which,13
please,13
generalpurpose,13
markup,13
uses,13
each,13
21,13
any,13
25,13
newsletter,13
way,13
least,13
vs,13
bubble,13
small,12
capture,12
come,12
place,12
already,12
required,12
hosted,12
recommended,12
group,12
available,12
close,12
answering,12
dynamic,12
moderation,12
name,12
operating,12
running,12
react,12
both,12
allows,12
services,12
angularjs,12
excel,12
may,12
20,12
mac,12
18,12
podcast,12
than,12
image,12
onboarding,12
trying,12
jun,12
day,11
context,11
right,11
reduce,11
additional,11
—,11
pricing,11
after,11
solve,11
director,11
through,11
sites,11
think,11
policies,11
good,11
privileges,11
similar,11
etc,11
asynchronous,11
libraries,11
including,11
google,11
must,11
26,11
macos,11
organization,11
total,11
documentation,11
dashboard,11
secure,10
179,10
collection,10
increase,10
tool,10
searchable,10
teammate,10
plus,10
into,10
representative,10
995,10
uptime,10
sla,10
world’s,10
distractions,10
entire,10
sales,10
i'm,10
full,10
two,10
edits,10
multiparadigm,10
typed,10
syntax,10
jquery,10
css,10
objectivec,10
query,10
aspnet,10
machine,10
native,10
8,10
string,10
function,10
security,10
inside,10
recognized,10
active,9
saas,9
accelerate,9
better,9
complete,9
ensure,9
love,9
trust,9
level,9
job,9
sso,9
premium,9
down,9
field,9
being,9
nice,9
mean,9
behavior,9
login,9
easier,9
google's,9
mobile,9
developing,9
creating,9
consider,9
xml,9
iphone,9
r,9
nodejs,9
values,9
azure,9
2014,9
django,9
powershell,9
provide,9
commonly,9
found,9
17,9
ide,9
overview,9
resources,9
know,9
once,9
member,9
article,9
2020,9
market,8
protect,8
institutional,8
usage,8
custom,8
flexible,8
hosting,8
demo,8
largest,8
had,8
projects,8
save,8
even,8
helps,8
much,8
getting,8
role,8
label,8
makes,8
regarding,8
note,8
usually,8
extension,8
apple,8
relational,8
sqlite,8
those,8
structure,8
eg,8
computing,8
array,8
reactjs,8
interfaces,8
instead,8
later,8
xcode,8
another,8
form,8
program,8
well,8
9,8
improve,8
22,8
faster,8
before,8
channels,8
there,8
bounty,8
comments,8
able,8
intel,8
united,8
2018,8
2019,8
since,7
websites,7
devops,7
efficient,7
streamline,7
interface,7
always,7
talk,7
options,7
request,7
order,7
tiers,7
that’s,7
repository,7
many,7
closed,7
deleted,7
quality,7
report,7
someone,7
keyword,7
categorizes,7
synonyms,7
same,7
document,7
now,7
look,7
touch,7
rdbms,7
examples,7
variables,7
json,7
objects,7
platforms,7
apple's,7
40,7
complex,7
pandas,7
results,7
ajax,7
70,7
multiple,7
set,7
text,7
languages,7
part,7
git,7
reading,7
project,7
visual,7
editor,7
issue,7
"instagram
",7
csv,7
laravel,7
mongodb,7
notable,7
me,7
message,7
width,7
error,7
undefined,7
size,7
notifications,7
subject,7
groups,7
monthly,6
thousands,6
discoverable,6
idea,6
expertise,6
long,6
give,6
annual,6
credit,6
card,6
250,6
instance,6
study,6
return,6
money,6
calculate,6
plans,6
ad,6
enabled,6
don’t,6
box,6
engage,6
expected,6
duplicate,6
moderators,6
voting,6
important,6
moderator,6
password,6
delete,6
due,6
low,6
wiki,6
beta,6
dynamically,6
itself,6
alongside,6
high,6
developed,6
interpreted,6
originally,6
serverside,6
hypertext,6
pages,6
minimal,6
reproducible,6
style,6
formatting,6
ipod,6
67,6
environment,6
engine,6
ability,6
declarative,6
crossplatform,6
rails,6
configuration,6
cl,6
older,6
versions,6
files,6
vba,6
apis,6
1861,6
value,6
variable,6
control,6
computer,6
provides,6
24,6
studio,6
script,6
date,6
11,6
51,6
possible,6
spring,6
number,6
workflows,6
because,6
great,6
voted,6
these,6
solutions,6
employees,6
run,6
div,6
19,6
would,6
looking,6
matter,6
mark,6
last,6
careers,5
tab,5
visitors,5
got,5
coding,5
contribute,5
webbased,5
decrease,5
globe,5
stays,5
course,5
few,5
docs,5
ever,5
scientists,5
visibility,5
grow,5
billing,5
discount,5
longform,5
adoption,5
metrics,5
let’s,5
onpremises,5
forrester,5
shows,5
investment,5
saved,5
unqork,5
improves,5
cut,5
paid,5
resource,5
deals,5
elastic,5
thing,5
engineer,5
connecting,5
170,5
super,5
continues,5
develop,5
encourage,5
check,5
frequently,5
effort,5
longer,5
avoid,5
accounts,5
remove,5
credentials,5
lost,5
reopen,5
suggested,5
various,5
quick,5
having,5
lib,5
scripting,5
displayed,5
adding,5
event,5
documents,5
t,5
112,5
programmers,5
rubyonrails,5
mvc,5
33,5
core,5
formerly,5
python3x,5
released,5
72,5
confused,5
35,5
vbnet,5
series,5
objectoriented,5
specifically,5
115,5
unique,5
53,5
test,5
apps,5
based,5
unix,5
issues,5
tasks,5
top,5
resolve,5
while,5
solution,5
manager,5
class,5
typescript,5
problem,5
docker,5
forms,5
common,5
receive,5
helpful,5
famous,5
highest,5
visit,5
leave,5
enthusiast,5
200,5
daily,5
visited,5
flags,5
months,5
lower,5
experience,5
awards,5
innovation,5
flex,5
needs,5
filter,5
send,5
works,5
could,5
column,5
says,5
select,5
button,5
below,5
fastlane,5
calculator,5
channel,5
kingdom,5
109,5
paste,5
guides,5
nov,5
02,5
jan,5
08,5
mar,5
theirs,4
million,4
451,4
billion,4
2008,4
5000,4
instances,4
definitive,4
communitybased,4
challenges,4
cycle,4
company’s,4
unblock,4
somebody,4
somewhere,4
suddenly,4
too,4
remotefirst,4
shorten,4
initial,4
delays,4
misinformation,4
equation,4
central,4
sticks,4
shipping,4
requires,4
teamwork,4
coordination,4
forget,4
checklists,4
reads,4
decisions,4
backed,4
strategies,4
providing,4
natural,4
leaders,4
burnout,4
consulting,4
telecom,4
firm,4
10m,4
deflected,4
cases,4
subjectmatter,4
integrates,4
pings,4
limit,4
powerful,4
hardest,4
unknowns,4
familiar,4
essential,4
solved,4
again,4
really,4
saw,4
spread,4
knew,4
expensify,4
very,4
toolthere’s,4
ways,4
liaison,4
bases,4
audience,4
openings,4
disciplines,4
fault,4
mission,4
empower,4
further,4
cooking,4
medicine,4
nontechnical,4
back,4
welcome,4
unable,4
index,4
conduct,4
interested,4
spammer,4
lose,4
agreement,4
staff,4
accidentally,4
merge,4
reset,4
blocked,4
spam,4
abuse,4
something,4
feedback,4
feature,4
excluding,4
understand,4
targets,4
245,4
devices,4
216,4
extensible,4
194,4
124,4
databases,4
table,4
sample,4
implementation,4
statistical,4
ca,4
arrays,4
ordered,4
consisting,4
componentbased,4
embedded,4
concerning,4
37,4
intended,4
92,4
fullstack,4
known,4
convention,4
approach,4
sqlserver,4
express,4
generic,4
depend,4
cocoa,4
98,4
150,4
automation,4
82,4
444,4
match,4
patterns,4
analysis,4
statistics,4
website,4
refresh,4
relates,4
memory,4
template,4
32,4
command,4
provided,4
36,4
debugging,4
static,4
standard,4
operations,4
it's,4
scripts,4
tkinter,4
amazon,4
simple,4
install,4
link,4
authentication,4
shell,4
bash,4
tagged,4
topic,4
oracle,4
infrastructure,4
flutter,4
algorithm,4
container,4
separate,4
positive,4
record,4
favorite,4
1000,4
less,4
necromancer,4
achieve,4
copy,4
try,4
you'll,4
rate,4
speed,4
drive,4
working,4
minimize,4
going,4
following,4
cancel,4
mm,4
span,4
height,4
put,4
id,4
dart,4
click,4
key,4
onclick,4
16,4
stats,4
session,4
email,4
exactly,4
tried,4
canvas,4
multiselect,4
example,4
unlock,4
might,4
gitlab,4
impact,4
economic,4
states,4
greg,4
change,4
swiftbased,4
answered,4
browse,4
comment,4
video,4
stay,4
title,4
max,4
howto,4
engaging,4
everything,3
still,3
pinned,3
research,3
did,3
accepting,3
faq,3
reference,3
determine,3
included,3
flair,3
gives,3
markdown,3
browsers,3
bad,3
editing,3
ecmascript,3
javascriptjs,3
dialectsimplementations,3
actionscript,3
relevan,3
2370180,3
731,3
4379,3
multipurpose,3
enforces,3
clean,3
uniform,3
p,3
1942738,3
1094,3
6482,3
highlevel,3
oriented,3
you're,3
understanding,3
1843273,3
429,3
2246,3
pronounced,3
sharp,3
statically,3
microsoft's,3
family,3
runtimes,3
1535766,3
286,3
1570,3
widely,3
1435220,3
1246,3
digital,3
smartphones,3
tablets,3
automobiles,3
tvs,3
wear,3
glass,3
iot,3
androids,3
1373321,3
1262,3
browser,3
ex,3
1126285,3
258,3
1622,3
crossbrowser,3
facilitates,3
dom,3
traversal,3
handling,3
1025956,3
68,3
384,3
completely,3
763414,3
211,3
1109,3
cascading,3
sheets,3
representation,3
sheet,3
describing,3
sv,3
757334,3
1093,3
ipad,3
669762,3
405,3
dbs,3
diff,3
644698,3
668,3
querying,3
dbms,3
postgresq,3
629233,3
156,3
960,3
bioinformatics,3
visualization,3
447385,3
218,3
1292,3
eventbased,3
nonblocking,3
io,3
runtime,3
v8,3
libuv,3
heavy,3
427848,3
199,3
1248,3
linear,3
elements,3
references,3
identified,3
indexes,3
variants,3
389618,3
667,3
paradigm,3
aims,3
383736,3
373,3
2320,3
games,3
378888,3
75,3
561,3
useful,3
conjunction,3
368071,3
180,3
notation,3
serializable,3
interchange,3
human,3
readable,3
literals,3
338780,3
542,3
follows,3
applic,3
332009,3
172,3
netcore,3
mainly,3
includes,3
imp,3
318402,3
295,3
editions,3
compact,3
fasttrack,3
aps,3
pdw,3
318049,3
49,3
336,3
versionspecific,3
th,3
312701,3
149,3
904,3
312432,3
432,3
cocoatouch,3
frameworks,3
292393,3
datadriven,3
speci,3
289592,3
618,3
individual,3
276557,3
116,3
645,3
1x,3
262458,3
against,3
formula,3
combine,3
vsto,3
ole,3
progra,3
262220,3
regex,3
regular,3
expressions,3
strings,3
validation,3
parsing,3
transformation,3
specify,3
249480,3
64,3
284,3
manipulation,3
dataframes,3
multidimensional,3
crosssectional,3
datasets,3
experimental,3
ec,3
242766,3
191,3
962,3
multiplatform,3
223939,3
123,3
unless,3
addressing,3
andor,3
dependent,3
hardware,3
221452,3
technique,3
interactive,3
traditional,3
reload,3
219476,3
notice,3
aren't,3
linuxspecific,3
215434,3
443,3
stored,3
contains,3
118,3
interpreter,3
systems,3
storage,3
proxy,3
license,3
repositories,3
23,3
delphi,3
finding,3
60,3
typing,3
capabilities,3
ssl,3
xamarin,3
follow,3
pdf,3
offtopic,3
41,3
upon,3
gradle,3
dependency,3
testing,3
directly,3
range,3
generated,3
ctf,3
eclipse,3
functions,3
history,3
metadata,3
lines,3
htaccess,3
lyrics,3
sets,3
writing,3
suite,3
304,3
wa,3
postgresql,3
errors,3
along,3
architecture,3
firebase,3
springboot,3
boot,3
takes,3
reactnative,3
focus,3
several,3
144,3
line,3
profile,3
earned,3
wellreceived,3
maintain,3
10000,3
29m,3
actions,3
500,3
goes,3
13k,3
zero,3
election,3
during,3
phase,3
enough,3
area,3
messages,3
noncommunity,3
80,3
300,3
were,3
yours,3
assistant,3
ip,3
addresses,3
informed,3
employee,3
recent,3
existing,3
enable,3
meet,3
verify,3
minutes,3
don't,3
hires,3
engagement,3
old,3
we’re,3
2021,3
industry,3
figure,3
i’m,3
newest,3
unanswered,3
terminal,3
loop,3
gaussians,3
kalilinux,3
partition,3
wondering,3
relationship,3
then,3
item,3
correct,3
things,3
can't,3
fix,3
missing,3
draw,3
supposed,3
promise,3
im,3
teradata,3
wait,3
char,3
mount,3
component,3
poetry,3
option,3
pycharm,3
installed,3
convert,3
yy,3
cannot,3
init,3
cicd,3
campaign,3
bot,3
testcontainers,3
sort,3
jqgrid,3
videos,3
rest,3
submitted,3
machinesets,3
power,3
reduction,3
actual,3
we're,3
discussion,3
launch,3
parker,3
special,3
focused,3
bits,3
indepth,3
uptodate,3
personal,3
download,3
detail,3
action,3
body,3
helpmarkdown,3
drag,3
drop,3
mib,3
dev,3
identify,3
allow,3
social,3
certain,3
become,3
01,3
05,3
09,3
introduction,3
·,3
taking,2
2minute,2
homework,2
gainlose,2
“we,2
questionsanswers,2
account”,2
marked,2
material,2
propose,2
harassment,2
excerpt,2
contain,2
advertise,2
doing,2
broken,2
points,2
entity,2
65,2
especially,2
47,2
jsp,2
client,2
side,2
containing,2
executed,2
87,2
listview,2
graphical,2
ui,2
items,2
whenever,2
applicable,2
numbers,2
foundation,2
unified,2
nginx,2
flask,2
42,2
learning,2
algorithms,2
refers,2
process,2
techniques,2
haskell,2
jpa,2
specification,2
accessing,2
74,2
layer,2
communications,2
maintained,2
91,2
strategy,2
jenkins,2
kubernetes,2
outside,2
ggplot2,2
actively,2
161,2
webdriver,2
integrated,2
particular,2
plain,2
105,2
activity,2
attribute,2
exclusively,2
generics,2
thirdparty,2
169,2
toolkit,2
changed,2
wide,2
http,2
125,2
s3,2
functionality,2
behaviors,2
ionic,2
frontend,2
supports,2
61,2
prev,2
leaving,2
task,2
master,2
links,2
ticket,2
executable,2
given,2
identifies,2
typically,2
virtual,2
dts,2
benefit,2
word,2
emf,2
mercurial,2
stores,2
commits,2
apache,2
involved,2
htpasswd,2
ico,2
refer,2
song,2
generally,2
vulnerability,2
limited,2
44,2
187,2
56,2
tailored,2
99,2
currently,2
scalable,2
organized,2
tables,2
wordpress,2
classes,2
844,2
sequence,2
though,2
sometimes,2
wpf,2
104,2
ma,2
154,2
posting,2
simply,2
typesafe,2
targeting,2
vb,2
84,2
449,2
multithreading,2
140,2
referencing,2
lists,2
easily,2
minimum,2
allowed,2
efficiency,2
steps,2
containers,2
compose,2
amount,2
pass,2
saving,2
display,2
visualstudio,2
31,2
scala,2
appear,2
manually,2
award,2
person's,2
107k,2
bookmarked,2
offer,2
student,2
25k,2
159,2
11k,2
scoring,2
8306k,2
section,2
11m,2
consecutive,2
counted,2
utc,2
maximum,2
23k,2
starred,2
14k,2
400,2
flagged,2
raise,2
civic,2
duty,2
served,2
higher,2
inactive,2
organizer,2
pressure,2
approved,2
wikis,2
booster,2
contributed,2
substantive,2
pieces,2
john,2
joseph,2
admins,2
manage,2
provisioning,2
permissions,2
via,2
overall,2
resolution,2
productive,2
onboard,2
silos,2
departments,2
stop,2
digging,2
deadlines,2
release,2
breaking,2
costs,2
fast,2
gdpr,2
saying,2
leading,2
here’s,2
division,2
actually,2
lot,2
end,2
valuable,2
bountied,2
frequent,2
fails,2
distinguish,2
pvalues,2
implement,2
anything,2
fit,2
jupyternotebook,2
made,2
retrieve,2
announcement,2
checkbox,2
notes,2
checklist,2
adjust,2
updated,2
lucas,2
property,2
'width',2
exist,2
'false,2
imagestyle,2
registeredstyleimagestyle,2
warning,2
called,2
hook,2
const,2
skipping,2
difference,2
struct,2
vertex,2
textures,2
201,2
snippet,2
rejection,2
'userslice',2
iterable,2
iterableint,2
isn't,2
scope,2
here's,2
anum,2
articlehtml,2
split,2
delimitor,2
wanna,2
character,2
denserank,2
foreign,2
user's,2
input,2
commented,2
sent,2
smith,2
category,2
titles,2
call,2
render,2
child,2
however,2
dd,2
325,2
mohamed,2
url,2
redirect,2
39,2
tell,2
discord,2
game,2
noop,2
purpose,2
kafka,2
producer,2
rectangle,2
electron,2
grid,2
newazapimanagementsubscription,2
positional,2
parameter,2
accepts,2
argument,2
'true',2
redirected,2
',2
restriction,2
june,2
concatenate,2
register,2
mp4,2
sure,2
arraylistarraylistinteger,2
textformfield,2
openshift,2
cluster,2
err,2
left,2
22k,2
official,2
delivered,2
devsecops,2
allremote,2
4k,2
simplify,2
edge,2
hot,2
until,2
disrupt,2
qgis,2
searching,2
menu,2
late,2
triage,2
suspended,2
growing,2
interruptions,2
hiresestimated,2
estimate,2
france,2
germany,2
badges12091209,2
weekly,2
discovery,2
means,2
never,2
you’ll,2
learnings,2
mistakes,2
enhance,2
corrected,2
locked,2
'user,2
removed',2
declined,2
detailed,2
person,2
109ios,2
mavericksios,2
108,2
mountain,2
lion,2
1925,2
meir,2
713666,2
badges4646,2
badges7575,2
deployed,2
crash,2
825,2
788422,2
badges2222,2
badges2121,2
details,2
likely,2
people's,2
privilege,2
levels,2
clarify,2
achievements,2
quickly,2
reuse,2
blockages,2
organization’s,2
switching,2
senior,2
automated,2
critical,2
excited,2
watch,2
expert,2
attention,2
you’d,2
choose,2
localsetup,2
everyone,2
reaction,2
local,2
crystal,2
najera,2
setupsh,2
yet,2
benjamin,2
folks,2
marketing,2
reviewed,2
obsolete,2
filters,2
386,2
media,2
491,2
weeks,2
1h,2
above,2
45,2
interaction,2
minute,2
twilio,2
flatten,2
frequencies,2
sam,2
wright,2
webhook,2
leaderboard,2
grouping,2
pointers,1
pointer,1
address,1
questio,1
53644,1
templates,1
contexts,1
datadocument,1
generation,1
engines,1
predesigned,1
webpage,1
webp,1
52156,1
jakarta,1
javaserver,1
javabased,1
ja,1
52122,1
batchfile,1
batch,1
commands,1
msdos,1
ibm,1
os2,1
52028,1
screen,1
widget,1
majority,1
modern,1
51950,1
ambiguous,1
specificlanguage,1
named,1
binary,1
51509,1
83,1
wcf,1
communication,1
rapidly,1
serviceoriented,1
50638,1
reverse,1
tcp,1
stream,1
mail,1
bsdlike,1
50583,1
122,1
lightweight,1
50124,1
s,1
50053,1
166,1
machinelearning,1
concepts,1
theory,1
methodology,1
terminology,1
posted,1
49575,1
rapid,1
pascal,1
49541,1
methodical,1
fixing,1
bugs,1
49536,1
purely,1
functional,1
featuring,1
strong,1
lazy,1
evaluation,1
extensive,1
parallelism,1
concurrency,1
abstraction,1
48937,1
persistence,1
persisting,1
managing,1
objectsclasses,1
ejb,1
48546,1
sockets,1
cryptographic,1
protocol,1
superseded,1
transport,1
tls,1
internet,1
often,1
blanket,1
term,1
48533,1
xamarinios,1
xamarinandroid,1
xamarinmac,1
thr,1
48475,1
77,1
portable,1
electronic,1
international,1
standardization,1
iso,1
ed,1
48311,1
deferring,1
latency,1
attempt,1
performance,1
responsiveness,1
composability,1
suc,1
47810,1
continuous,1
packages,1
freebsd,1
openbsd,1
forked,1
hudson,1
47571,1
95,1
deployment,1
rule,1
thumb,1
happens,1
pod,1
probably,1
offtop,1
47497,1
236,1
chartdrawing,1
package,1
hadley,1
wickham,1
principles,1
grammar,1
graphics,1
partially,1
replaces,1
r's,1
plot,1
47378,1
seleniumwebdriver,1
selenium,1
controlling,1
bindings,1
ar,1
47029,1
93,1
visualstudio2010,1
2010,1
arising,1
co,1
46941,1
groovy,1
dsl,1
maven,1
ivy,1
46756,1
aimed,1
evaluating,1
capability,1
determining,1
meets,1
46614,1
103,1
googleappengine,1
googlemanaged,1
centers,1
paas,1
offering,1
nodej,1
46486,1
48,1
directed,1
opera,1
46431,1
parametric,1
polymorphism,1
rust,1
46158,1
73,1
googleappsscript,1
javascriptbased,1
automating,1
addition,1
rele,1
45881,1
tk,1
module,1
45361,1
aspect,1
uri,1
w3c,1
45340,1
amazons3,1
online,1
45302,1
113,1
androidfragments,1
fragments,1
represent,1
reusable,1
portions,1
45136,1
126,1
visualstudiocode,1
unofficial,1
binaries,1
portion,1
vscodium,1
44852,1
282,1
ionicframework,1
nativefeeling,1
hybrid,1
sass,1
traditionally,1
runs,1
cordova,1
44478,1
prefered,1
tracking,1
seamlessly,1
hand,1
keeping,1
clicks,1
tickets,1
referenced,1
contextual,1
status,1
extra,1
fees,1
jira’s,1
charge,1
offered,1
marketplace,1
tier,1
unixlinux,1
133,1
bundles,1
157,1
aspxauth,1
remote,1
contents,1
signed,1
encrypted,1
58,1
avi,1
bashprofile,1
short,1
logs,1
503,1
bashrc,1
bat,1
classfile,1
270,1
csfile,1
cshtml,1
tracecompass,1
define,1
declaration,1
definitions,1
properties,1
allowing,1
intellisense,1
proper,1
erro,1
129,1
deb,1
dll,1
doc,1
processing,1
153,1
enhanced,1
metafile,1
flv,1
getjson,1
gitfolder,1
folder,1
project's,1
gitinfografts,1
`gitinfografts`,1
lets,1
preserve,1
enabling,1
otherwise,1
joined,1
hgignore,1
hgtags,1
hashes,1
directorylevel,1
servers,1
kindly,1
71612,1
flatfile,1
usernames,1
524,1
icons,1
ini,1
jar,1
js,1
operation,1
127,1
loc,1
`pandasdataframeloc`,1
lrc,1
synchronizes,1
mp3,1
vorbis,1
midi,1
played,1
players,1
defining,1
encoding,1
rules,1
bei,1
207951,1
eventdriven,1
macros,1
office,1
equivalent,1
198777,1
aspnetmvc,1
tooling,1
implements,1
modelviewcontroller,1
pattern,1
towards,1
197764,1
rich,1
architectures,1
twenty,1
highl,1
195995,1
322,1
opensourced,1
191514,1
81,1
425,1
schemas,1
queries,1
reports,1
aspects,1
reality,1
186387,1
305,1
httpswordpressstackexchangecom,1
programmingspecific,1
theme,1
183539,1
59,1
314,1
superset,1
transpiles,1
adds,1
optional,1
modules,1
typescri,1
181569,1
137,1
finite,1
symbols,1
arbitrary,1
174498,1
235,1
presentation,1
subsystem,1
rendering,1
windowsbased,1
165345,1
highperformance,1
documentoriented,1
nosql,1
administra,1
161496,1
78,1
417,1
httpssuperusercom,1
157265,1
262,1
154772,1
major,1
mention,1
postgres,1
ques,1
153542,1
398,1
httpsshellchecknet,1
144509,1
246,1
multimodel,1
corporation,1
owned,1
141982,1
193,1
distributed,1
dvcs,1
gitrelated,1
repo,1
141291,1
174,1
basicnet,1
managed,1
f,1
main,1
137021,1
90,1
amazonwebservices,1
aws,1
publiccloud,1
iaas,1
135083,1
perform,1
concurrently,1
asynchronously,1
utilizing,1
concurrent,1
streams,1
execution,1
referred,1
134350,1
linked,1
nodes,1
successor,1
htmllists,1
129332,1
57,1
343,1
serverless,1
126383,1
63,1
372,1
platformspecific,1
wish,1
125194,1
146,1
variety,1
plugins,1
developmentoriented,1
modeling,1
datab,1
123662,1
springpowered,1
productiongrade,1
absolute,1
fuss,1
opinionated,1
d,1
121425,1
481,1
dataframe,1
frame,1
2d,1
tabular,1
rows,1
observations,1
columns,1
distinct,1
matr,1
118796,1
120,1
570,1
obtained,1
sup,1
117774,1
71,1
316,1
care,1
anyw,1
116019,1
475,1
welldefined,1
defines,1
abstract,1
113975,1
192,1
suitable,1
dockerfiles,1
113823,1
452,1
desktop,1
macintosh,1
computers,1
macosspecific,1
111660,1
176,1
essentially,1
hold,1
subset,1
inte,1
109935,1
compression,1
images,1
assistance,1
109368,1
merely,1
happened,1
cons,1
108633,1
principally,1
concise,1
elegant,1
fuses,1
108369,1
utility,1
executing,1
102772,1
260,1
besides,1
gaining,1
unearned,1
altruist,1
benefactor,1
52k,1
curious,1
3883k,1
inquisitive,1
389k,1
socratic,1
51k,1
649k,1
stellar,1
97k,1
investor,1
223k,1
7547k,1
2625k,1
501k,1
64m,1
2500,1
32m,1
9203k,1
promoter,1
961k,1
scholar,1
23m,1
enlightened,1
4859k,1
explainer,1
749k,1
refiner,1
illuminator,1
generalist,1
nonwiki,1
guru,1
1703k,1
lifejacket,1
137k,1
lifeboat,1
16m,1
5551k,1
1056k,1
populist,1
outscored,1
2x,1
271k,1
revival,1
5297k,1
selflearner,1
1902k,1
teacher,1
19m,1
tenacious,1
653k,1
unsung,1
hero,1
264k,1
participation,1
autobiographer,1
22m,1
caucus,1
cast,1
constituent,1
candidate,1
final,1
2758k,1
commentator,1
pundit,1
128k,1
2987k,1
fanatic,1
412k,1
mortarboard,1
421k,1
epic,1
761,1
legendary,1
310,1
precognitive,1
followed,1
proposal,1
entered,1
commitment,1
added,1
quorum,1
294k,1
talkative,1
117k,1
outspoken,1
earning,1
1753k,1
351k,1
112k,1
citizen,1
patrol,1
2456k,1
deputy,1
marshal,1
34k,1
1207k,1
cleanup,1
rollback,1
631k,1
constable,1
protem,1
graduation,1
sheriff,1
elected,1
critic,1
4985k,1
custodian,1
reviewer,1
447k,1
steward,1
221k,1
disciplined,1
146k,1
31m,1
strunk,1
white,1
195k,1
39k,1
electorate,1
600,1
267k,1
excavator,1
170k,1
archaeologist,1
27k,1
retag,1
1445k,1
peer,1
3109k,1
proofreader,1
approve,1
reject,1
203k,1
sportsmanship,1
32k,1
suffrage,1
591k,1
supporter,1
18m,1
synonymizer,1
synonym,1
12k,1
261k,1
332,1
taxonomist,1
148k,1
vox,1
populi,1
398k,1
announcer,1
2602k,1
384k,1
publicist,1
census,1
completed,1
survey,1
responses,1
anonymous,1
2094k,1
robot,1
met,1
participant,1
attendees,1
retired,1
analytical,1
436k,1
293,1
pioneer,1
contributing,1
43k,1
reversal,1
301,1
tumbleweed,1
12m,1
ones,1
plan,1
recognize,1
rarely,1
yepthomi,1
fflaser,1
cesare,1
polonara,1
seudosan,1
littleraspberry,1
roberty,1
boberty,1
ebite,1
zion,1
gr8,1
adakron,1
genpfault,1
ohlálá,1
marquezz,1
handefood,1
gordnfreeman,1
cannon,1
moyer,1
meepo,1
majid,1
lotfinia,1
shai,1
ishr,1
joice,1
renakre,1
marcello,1
de,1
karolius,1
umka,1
chaitanya,1
parashar,1
sasha,1
b,1
kevin,1
sitze,1
flyaku,1
rafazz,1
user3606175,1
grizzb,1
mithu,1
skye,1
msc,1
outofthe,1
hello,1
passwords,1
standards,1
twofactor,1
otp,1
workload,1
removing,1
handled,1
tyler,1
mcdougall,1
lead,1
imc,1
97,1
olga,1
gomonova,1
head,1
enablement,1
twice,1
suraj,1
gupta,1
threads,1
emails,1
edtech,1
cool,1
finalist,1
g2,1
seasoned,1
winner,1
20192022,1
remotetech,1
appealie,1
compare,1
partners,1
rely,1
transparent,1
sres,1
velocity,1
perticket,1
capturing,1
crossteam,1
savings,1
integrating,1
interrupting,1
workflow,1
controls,1
proprietary,1
safe,1
contractual,1
clauses,1
scc,1
transfers,1
soc,1
ii,1
scim,1
involve,1
suyog,1
rao,1
permeated,1
ryan,1
j,1
salva,1
initially,1
thought,1
engineertoengineer,1
turns,1
aiko,1
krishna,1
scale,1
larger,1
orgs,1
saves,1
basis,1
huge,1
morgan,1
jones,1
bother,1
mosh,1
feu,1
front,1
wix,1
wellcurated,1
jeremy,1
williams,1
factset,1
efficiently,1
big,1
enterprises,1
22550229,1
sorted,1
ending,1
soon,1
watched,1
apply,1
trigger,1
alert,1
except,1
successful,1
xxnumbxx,1
min,1
ifelse,1
ttest,1
wilicoxon,1
replicate1000,1
ifelseshapirotestrnorm4pvalue005ttestrnorm4,1
scientist,1
m1,1
dear,1
fellow,1
experiment,1
unfortunately,1
throws,1
differing,1
applem1,1
hundenberg,1
runtimewarning,1
encountered,1
doublescalars,1
offset,1
scipyoptimisecurvefit,1
peeps,1
jupyter,1
looked,1
numpy,1
scipy,1
krystina,1
l,1
disk,1
bear,1
bootable,1
8gb,1
usb,1
plaguerat,1
manytomany,1
announcements,1
orm,1
laravel9,1
kareem,1
salem,1
todo,1
load,1
recyclerview,1
androidstudio,1
omer123,1
contaner,1
fixed,1
excercise,1
expect,1
flexbox,1
linh,1
chys,1
struggling,1
prefetch,1
outline,1
dailyquotes,1
snapshot,1
djangoviews,1
laneboyandrew,1
useeffect,1
state,1
disablesubmit,1
either,1
reacthooksexhaustivedeps,1
forgotpassword,1
pankaj,1
9264,1
discarding,1
designing,1
tlvtype,1
tlv,1
base12masterrace,1
texture,1
displaying,1
black,1
calling,1
compile,1
shaders,1
inline,1
displays,1
quad,1
correctly,1
colors,1
opengl,1
braden,1
yonano,1
crud,1
heroku,1
emrs,1
garrett,1
crawford,1
uhandled,1
unhandled,1
typeerror,1
userslice,1
sophia,1
sandoval,1
int,1
forin,1
facing,1
declared,1
arr,1
void,1
sumoftwonumbersint,1
targetsum,1
forloop,1
yassine,1
bennkhay,1
border,1
cover,1
auto,1
ward,1
couldn't,1
terada,1
documentations,1
exact,1
teradatasqlassistant,1
mfr,1
1939,1
window,1
clicked,1
coordinates,1
cibere,1
wont,1
cant,1
qtychange,1
maybe,1
protected,1
irbmain0070,1
inventorychangefirst,1
alfred,1
mey,1
pageevaulate,1
defined,1
num,1
contextparamseventcontentsplit',1
'slice1,1
puppeteer,1
dandanwastkn,1
telling,1
conversion,1
impossible,1
ineedtosplitthis,1
bitstaff,1
filtering,1
multiples,1
dataset,1
bus,1
recorded,1
incorrectly,1
duplicated,1
looks,1
tripid,1
expectarrivaltime,1
recordedarrivaltime,1
googlebigquery,1
peterfonteneau,1
linq,1
restraint,1
insert,1
textbox,1
linqtosql,1
foreignkeys,1
jason27,1
bigger,1
volume,1
grows,1
let's,1
say,1
34mb,1
dockercompose,1
change198,1
1163,1
commentphp,1
minaya,1
styled,1
components,1
hover,1
children,1
spancontinue,1
readingspan,1
styledcomponents,1
samuel,1
chamale,1
import,1
addorder,1
'addorder',1
reactcomponent,1
tom,1
brooke,1
121,1
machines,1
pythonpoetry,1
chris,1
cummings,1
1949,1
hhmmss,1
manipulating,1
hh,1
mmminutes,1
hhhours,1
dddays,1
mmmonth,1
typeconversion,1
converters,1
user2535338,1
csvdictreader,1
summary,1
dictreader,1
snonamesymboldatehighlowopenclosevolumemarketcap,1
1bitcoinbtc2013,1
itgirly,1
increment,1
backwardcallfunction,1
forwardcallfunction,1
'callcount'call,1
count,1
echo,1
session'callcount',1
abdullah,1
azzam,1
console,1
received,1
023316,1
detected,1
directory,1
fastlanegym,1
ismail,1
monitor,1
embedding,1
signup,1
monitors,1
objective,1
submits,1
randomurlcom,1
campaignmonitor,1
frankieseattle,1
'indexerror,1
range',1
beginner,1
receiving,1
indexerror,1
wrong,1
zayna,1
jaber,1
ingame,1
players',1
exp,1
i've,1
solid,1
guidetuto,1
ended,1
xosmuits,1
cause,1
diagnose,1
mongo's,1
flowcontrol,1
oplog,1
n,1
op,1
periodically,1
zack,1
newsham,1
2498,1
brokernode,1
skeleton,1
sends,1
valuetopic,1
kotlin,1
apachekafka,1
sergei,1
g,1
1389,1
recording,1
xy,1
img,1
didn't,1
overwrite,1
amany,1
checked,1
checkboxes,1
sorting,1
true,1
paging,1
mvcjqgrid,1
ranjan,1
kaw,1
subscription,1
cmdlet,1
jag,1
becomes,1
null,1
postback,1
refreshed,1
datatable,1
sarah,1
loren,1
classify,1
varailbes,1
describes,1
color,1
capacity,1
nan,1
'noir',1
'noir,1
mat',1
'carbone,1
brillant,1
'ø,1
80',1
's,1
143mm',1
'm,1
208mm',1
'l,1
302mm',1
marouane,1
amzil,1
reservation,1
hi,1
guys,1
enter,1
reserved,1
graduatingstudent,1
modifying,1
classcolxs12,1
colmd3,1
inputgroup,1
nametomo,1
typetext,1
laravel5,1
seonica,1
43,1
upload,1
preview,1
grim,1
ranger,1
edges,1
incident,1
arraylist,1
graphtheory,1
depthfirstsearch,1
adjacencymatrix,1
user2227457,1
rownumber,1
huecloudera,1
todatedintervalstart,1
calldate,1
dateformatdintervalstart,1
'h',1
duplicates,1
cloudera,1
hue,1
kmb,1
adjusting,1
passed,1
units,1
ie,1
cm,1
inches,1
callback,1
gesturedetector,1
fluttertextformfield,1
peter,1
moran,1
410,1
cfg,1
configgetconfig,1
nil,1
logfatalerr,1
opts,1
redhat,1
openshiftclienttools,1
openshiftenterprise,1
asm,1
451005,1
potential,1
v20,1
shift,1
lifecycle,1
featured,1
staging,1
ground,1
wizard,1
overhauling,1
community's,1
closure,1
reasons,1
guidance,1
ab,1
gone,1
live,1
trending,1
2371511,1
1944548,1
1845044,1
1536209,1
1435991,1
1375369,1
1129536,1
1029591,1
763622,1
758266,1
670026,1
646647,1
629393,1
447690,1
428349,1
393570,1
385953,1
378975,1
368145,1
339688,1
332057,1
318482,1
318124,1
313033,1
312648,1
symbol,1
half,1
causes,1
squiggly,1
photos,1
sensor,1
married,1
couple,1
charged,1
traffic,1
infraction,1
airplane,1
fixedpitch,1
propellers,1
supercharging,1
manifold,1
gauges,1
ford,1
trimotor,1
converse,1
hopf,1
degree,1
theorem,1
sources,1
outputs,1
switch,1
00000,1
00001,1
what's,1
rejected,1
reeds,1
dialogue,1
episode,1
clover,1
lawns,1
smear,1
roundup,1
odds,1
spellcaster,1
wants,1
replace,1
whole,1
calculating,1
polygon,1
selling,1
primary,1
living,1
habitable,1
planet,1
sun,1
sunset,1
sunrise,1
moose,1
flow,1
making,1
mistake,1
midtier,1
map,1
print,1
layout,1
pane,1
story,1
ai,1
copies,1
'alpha',1
'beta',1
artifact,1
mappings,1
pie,1
favorites,1
freestanding,1
pool's,1
poles,1
accommodate,1
sloped,1
concrete,1
method,1
checking,1
discontinuous,1
x0,1
grade,1
twitterapiv2,1
apolloserverlambda,1
imagedatagenerator,1
ffmpegconcat,1
simplegui,1
altshiftr,1
cloudfunctions,1
googlecloud,1
autotile,1
azuresdkforgo,1
apollokotlin,1
cypresstask,1
gtkjl,1
ttn,1
polarberry,1
creationtimestamp,1
dateonly,1
highs,1
gcpvpcfirewall,1
zq,1
libxmljs2,1
slatedocumentation,1
apidocumentation,1
xinu,1
prismadataproxy,1
prismadataplatform,1
imguizmo,1
lightsail,1
rctblurredimagewithradius,1
rctimage,1
cosmosdbnotebook,1
googlemarketingplatform,1
visualstudiomac2022,1
s3ninja,1
wikibaseintegrator,1
calculatorminimize,1
codeyou,1
teamsthe,1
csuite,1
spends,1
thinking,1
attracting,1
retaining,1
according,1
gartner,1
poll,1
ceos,1
second,1
financialresource,1
organizationin,1
progress,1
offload,1
redundant,1
producing,1
repetitive,1
feeling,1
growthin,1
cost,1
hiring,1
training,1
impacted,1
onboarded,1
requested,1
helpthe,1
calculations,1
teamsonboarding,1
gainsestimated,1
hire09,1
weekstotal,1
recovered,1
hire288,1
hourstypical,1
weeksnumber,1
supporting,1
gained,1
expert2267,1
hoursincrease,1
experts2833average,1
minutesaverage,1
dayestimated,1
calculatorenter,1
customized,1
colleaguesroi,1
calculators,1
estimated,1
accuracy,1
closely,1
inputs,1
circumstances,1
realized,1
result,1
purchase,1
vary,1
guarantee,1
realize,1
forecast,1
contract,1
gainsstack,1
overflowquestionsproductsteams,1
talentcompanyabout,1
uschannelspodcast,1
voters,1
editors,1
quarter,1
jon,1
skeet,1
13m820820,1
badges89158915,1
badges90469046,1
gordon,1
linoff,1
york,1
12m5353,1
badges564564,1
badges700700,1
vonc,1
11m476476,1
badges40024002,1
badges47164716,1
balusc,1
willemstad,1
curaçao,1
10m361361,1
badges35453545,1
badges35053505,1
darin,1
dimitrov,1
sofia,1
bulgaria,1
993k263263,1
badges32393239,1
badges28992899,1
marc,1
gravell,1
forest,1
dean,1
973k250250,1
badges24702470,1
badges28252825,1
martijn,1
pieters♦,1
cambridge,1
uk,1
957k265265,1
badges37863786,1
badges31733173,1
tj,1
crowder,1
953k172172,1
badges17651765,1
badges17591759,1
commonsware,1
pennsylvania,1
952k185185,1
badges23072307,1
badges23612361,1
hans,1
passant,1
madison,1
wi,1
896k140140,1
badges16301630,1
badges24502450,1
hewgill,1
christchurch,1
zealand,1
886k177177,1
badges11241124,1
badges12581258,1
quentin,1
854k118118,1
badges11471147,1
badges12601260,1
slaks,1
jersey,1
835k173173,1
badges18601860,1
badges19321932,1
paxdiablo,1
812k224224,1
badges15301530,1
badges18921892,1
alex,1
martelli,1
sunnyvale,1
808k162162,1
badges11951195,1
badges13731373,1
akrun,1
781k3232,1
badges452452,1
badges568568,1
unutbu,1
773k164164,1
badges16881688,1
badges16081608,1
christian,1
salvadó,1
guatemala,1
766k179179,1
badges909909,1
badges832832,1
byers,1
denmark,1
764k176176,1
badges15401540,1
badges14331433,1
felix,1
kling,1
753k169169,1
badges10581058,1
badges11081108,1
ignacio,1
vazquezabrams,1
737k145145,1
badges12941294,1
badges13251325,1
jezrael,1
bratislava,1
slovakia,1
722k7676,1
badges11301130,1
badges10801080,1
anubhava,1
bangalore,1
india,1
711k5959,1
badges512512,1
badges588588,1
marcs,1
bern,1
switzerland,1
703k168168,1
badges13011301,1
badges14241424,1
jaredpar,1
redmond,1
701k142142,1
badges14371437,1
cb,1
bailey,1
696k9999,1
badges619619,1
badges646646,1
jonathan,1
leffler,1
colorado,1
usa,1
696k130130,1
badges853853,1
badges12241224,1
sergey,1
kalinichenko,1
695k7878,1
badges10471047,1
badges14601460,1
stephen,1
australia,1
667k9191,1
badges768768,1
badges11581158,1
guffa,1
virsbo,1
sweden,1
664k105105,1
badges702702,1
badges982982,1
barmar,1
arlington,1
663k5151,1
badges451451,1
badges556556,1
boltclock,1
singapore,1
662k155155,1
badges13381338,1
badges13241324,1
jb,1
nizet,1
saintetienne,1
656k8686,1
badges11741174,1
badges12231223,1
jfriend00,1
633k8585,1
badges890890,1
badges899899,1
eric,1
lippert,1
seattle,1
630k172172,1
badges20512051,1
gumbo,1
ulm,1
619k103103,1
badges758758,1
badges827827,1
479547,1
quarterly,1
leagues,1
missioncritical,1
overcome,1
roadblocks,1
levelup,1
mode,1
door,1
evolve,1
prs,1
gists,1
spend,1
postmortems,1
inevitable,1
doesn’t,1
repeat,1
years,1
infomation,1
staying,1
highquality,1
little,1
bit,1
forum,1
there's,1
chitchat,1
rise,1
doesn't,1
worked,1
announced,1
backward,1
compatible,1
mavericks,1
wwdc,1
003,1
ben,1
gottlieb,1
849k2222,1
badges172172,1
badges171171,1
practical,1
faced,1
primarily,1
opinionbased,1
generate,1
rather,1
improvement,1
fixes,1
haven't,1
recommendations,1
comparisons,1
requests,1
polls,1
opinions,1
discussions,1
interesting,1
areas,1
subjects,1
interest,1
doeunited,1
rep,1
2000,1
3000,1
migrate,1
commenting,1
goal,1
improved,1
meaning,1
anybody's,1
remember,1
friendly,1
libobjc,1
ignore,1
preparation,1
swift's,1
arrival,1
participating,1
three,1
fact,1
signing,1
claim,1
workstreams,1
play,1
outofthebox,1
empowers,1
disrupting,1
mostly,1
daytoday,1
brandon,1
camerer,1
designer,1
cloudfit,1
filtered,1
messaging,1
tagbased,1
push,1
blockers,1
bookmarks,1
productively,1
personalized,1
talking,1
miss,1
beat,1
updates,1
oasis,1
laura,1
macleod,1
case,1
scroll,1
jump,1
catch,1
colleagues’,1
sitting,1
“what”,1
“where”,1
“when”,1
“why”,1
“how”,1
“fix”,1
“prevent”,1
“compare”,1
“access”,1
explain,1
names,1
alerted,1
prioritize,1
reply,1
upvote,1
downvote,1
pressing,1
author,1
canonical,1
colleagues,1
feel,1
emoji,1
timestamps,1
asker’s,1
disussion,1
setup,1
viewed,1
blocks,1
nonwindows,1
shaun,1
beck,1
ppc,1
1721,1
phoebe,1
newman,1
cli,1
assume,1
pretty,1
builds,1
isn’t,1
default,1
prior,1
1301,1
heike,1
ackerman,1
behind,1
scenes,1
stackoverflowcomcyourteam,1
automatically,1
internal,1
identity,1
provider,1
“log,1
in”,1
pick,1
fits,1
signals,1
drafting,1
easy—you,1
wysiwyg,1
exists,1
elsewhere,1
comes,1
ride,1
permission,1
publish,1
guide,1
faqs,1
you’re,1
kat,1
monroe,1
tech,1
overviews,1
past,1
primers,1
vaughan,1
setting,1
jerry,1
cooper,1
like—by,1
endless,1
svgarrowupsm,1
description,1
svgarrowupdownsm,1
purveyors,1
finest,1
ideas,1
lovely,1
userfacing,1
revops,1
revenue,1
teamit,1
crowd,1
intelligently,1
skip,1
inaccurate,1
outofdate,1
age,1
corrective,1
verifying,1
they’re,1
knowledgeable,1
accurate,1
verified,1
edited,1
removed,1
outdated,1
applying,1
applied,1
6k,1
4975,1
674,1
invoice,1
finance,1
541,1
retrospective,1
interactions,1
comms,1
1k,1
internaltools,1
infosec,1
pulse,1
dig,1
deeper,1
raw,1
changes,1
aim,1
engaged,1
trends,1
230,1
3106,1
556,1
34,1
38,1
353,1
85,1
46,1
median,1
45mins,1
9secs,1
514,1
33m,1
37m,1
28s,1
42m,1
12s,1
46m,1
56s,1
51m,1
40s,1
56m,1
24s,1
1m,1
ratio,1
withan,1
answer646404vs,1
6440,1
20201932,1
questionsunaccepted,1
only254319vs,1
2593,1
2020760,1
questionsno,1
answers99428vs,1
967,1
2020297,1
acceptance,1
what’s,1
1719,1
average,1
101,1
633,1
648,1
else,1
1222,1
88,1
9066,1
6866,1
350,1
632,1
773,1
914,1
1055,1
searches,1
16747,1
517,1
11041,1
851,1
1008,1
1165,1
1322,1
1479,1
1636,1
2423,1
487,1
1629,1
89,1
229,1
264,1
5153,1
502,1
3431,1
263,1
387,1
511,1
breakdown,1
participating5612,1
110,1
userspassively,1
participating4388,1
86,1
showing,1
namequestions,1
totalkat,1
monroe65458shaun,1
beck52367crystal,1
najera50353jerry,1
cooper47331eliot,1
godfrey41289phoebe,1
newman40282benjamin,1
vaughan40282,1
team’s,1
fosters,1
transparency,1
gains,1
introducing,1
21k,1
2k,1
democratized,1
voice,1
virtualizing,1
demanding,1
picture,1
providers,1
there’s,1
associated,1
formats,1
require,1
graph,1
howtoguide,1
suggest,1
oauth2,1
sdk,1
recognition,1
yourself,1
designation,1
rank,1
dan,1
penina,1
austin,1
janelle,1
hunter,1
businesses,1
coming,1
helping,1
martin,1
spickermann,1
shopify,1
beyond,1
accurately,1
reflect,1
user’s,1
domain,1
endorsement,1
highly,1
encouraging,1
closer,1
adopting,1
w,1
listening,1
productservice,1
overflow’s,1
stamp,1
approval,1
collectivespecific,1
admin,1
authority,1
anybody,1
“join”,1
sidebar,1
